Year,RoundID,MatchID,Date,Time,Stage,Stadium_ID,Referee_ID,Assistant1_ID,Assistant2_ID,Attendance
1930,201,1090,13/7/1930,3:00 pm,Group 4,URU_1,ARG_1,URU_4,CHI_1,18346
1930,201,1096,13/7/1930,3:00 pm,Group 1,URU_3,URU_6,BEL_2,BRA_1,4444
1930,201,1098,14/7/1930,2:50 pm,Group 3,URU_3,CHI_1,BEL_1,URU_4,2549
1930,201,1093,14/7/1930,12:45 pm,Group 2,URU_1,URU_1,URU_2,FRA_1,24059
1930,201,1085,15/7/1930,4:00 pm,Group 1,URU_1,BRA_1,BOL_1,ROU_1,23409
1930,201,1095,16/7/1930,2:45 pm,Group 1,URU_1,BEL_2,URU_5,BEL_1,9249
1930,201,1097,17/7/1930,2:45 pm,Group 4,URU_1,ARG_1,URU_5,URU_1,18306
1930,201,1092,17/7/1930,12:45 pm,Group 2,URU_1,URU_4,URU_6,CHI_1,18306
1930,201,1099,18/7/1930,2:30 pm,Group 3,URU_2,BEL_1,FRA_1,BEL_2,57735
1930,201,1094,19/7/1930,12:50 pm,Group 1,URU_2,URU_1,URU_6,BRA_1,2000
1930,201,1086,19/7/1930,3:00 pm,Group 1,URU_2,BOL_1,URU_3,ROU_1,42100
1930,201,1089,20/7/1930,3:00 pm,Group 4,URU_2,URU_2,ARG_1,URU_6,12000
1930,201,1091,20/7/1930,1:00 pm,Group 2,URU_2,FRA_1,URU_4,MEX_1,25466
1930,201,1100,21/7/1930,2:50 pm,Group 3,URU_2,BRA_1,CHI_1,BOL_1,70022
1930,201,1084,22/7/1930,2:45 pm,Group 1,URU_2,BEL_1,BEL_2,BOL_1,41459
1930,202,1088,26/7/1930,2:45 pm,Semi-finals,URU_2,BEL_1,MEX_1,CHI_1,72886
1930,202,1101,27/7/1930,2:45 pm,Semi-finals,URU_2,BRA_1,BOL_1,FRA_1,79867
1930,405,1087,30/7/1930,2:15 pm,Final,URU_2,BEL_1,BOL_1,BEL_2,68346
1934,204,1135,27/5/1934,4:30 pm,Preliminary round,ITA_15,SUI_1,ESP_1,TCH_1,25000
1934,204,1119,27/5/1934,4:30 pm,Preliminary round,ITA_16,ITA_7,ITA_12,ITA_10,9000
1934,204,1111,27/5/1934,4:30 pm,Preliminary round,ITA_10,GER_1,ITA_8,HUN_1,21000
1934,204,1102,27/5/1934,4:30 pm,Preliminary round,ITA_12,AUT_2,ITA_5,ITA_3,14000
1934,204,1108,27/5/1934,4:30 pm,Preliminary round,ITA_9,ITA_6,ITA_9,FRA_2,8000
1934,204,1133,27/5/1934,4:30 pm,Preliminary round,ITA_11,SWE_1,AUT_1,ITA_1,33000
1934,204,1104,27/5/1934,4:30 pm,Preliminary round,ITA_13,NED_1,ITA_4,BEL_3,16000
1934,204,1141,27/5/1934,4:30 pm,Preliminary round,ITA_3,BEL_1,ITA_11,ITA_2,9000
1934,418,1122,31/5/1934,4:30 pm,Quarter-finals,ITA_9,BEL_3,TCH_1,HUN_1,35000
1934,418,1106,31/5/1934,4:30 pm,Quarter-finals,ITA_12,ITA_6,ESP_1,GER_1,23000
1934,418,1143,31/5/1934,4:30 pm,Quarter-finals,ITA_13,AUT_1,EGY_1,FRA_2,12000
1934,418,1129,31/5/1934,4:30 pm,Quarter-finals,ITA_11,ITA_7,SUI_1,NED_1,3000
1934,418,1123,1/6/1934,4:30 pm,Quarter-finals,ITA_9,SUI_1,HUN_1,TCH_1,43000
1934,3490,1134,10/6/1934,5:30 pm,Final,ITA_15,SWE_1,BEL_3,HUN_1,55000
1934,3492,1130,3/6/1934,4:30 pm,Semi-finals,ITA_15,ITA_7,AUT_1,ESP_1,15000
1934,3492,1107,3/6/1934,4:30 pm,Semi-finals,ITA_11,SWE_1,BEL_3,TCH_1,35000
1934,3491,1105,7/6/1934,6:00 pm,Match for third place,ITA_16,ITA_5,ITA_4,ESP_1,7000
1938,429,1175,12/6/1938,5:00 pm,Quarter-finals,FRA_8,ITA_7,AUT_1,FRA_15,15000
1938,429,1158,12/6/1938,5:00 pm,Quarter-finals,FRA_3,TCH_2,AUT_3,FRA_10,7000
1938,429,1164,12/6/1938,5:00 pm,Quarter-finals,FRA_10,BEL_3,SUI_2,SWE_1,58455
1938,429,1152,12/6/1938,5:00 pm,Quarter-finals,FRA_13,HUN_2,ITA_11,FRA_7,22021
1938,429,1153,14/6/1938,6:00 pm,Quarter-finals,FRA_13,FRA_8,FRA_4,FRA_11,18141
1938,3489,1176,16/6/1938,6:00 pm,Semi-finals,FRA_16,FRA_13,NED_1,ITA_11,20000
1938,3489,1149,16/6/1938,6:00 pm,Semi-finals,FRA_17,SUI_2,AUT_1,FRA_4,33000
1938,3487,1174,19/6/1938,5:00 pm,Final,FRA_10,FRA_8,SUI_2,TCH_2,45000
1938,3488,1151,19/6/1938,5:00 pm,Match for third place,FRA_13,BEL_1,FRA_9,FRA_3,12000
1938,206,1165,4/6/1938,5:00 pm,First round,FRA_16,BEL_1,FRA_4,NED_1,27152
1938,206,1146,5/6/1938,5:00 pm,First round,FRA_10,SUI_2,TCH_2,GER_1,30454
1938,206,1173,5/6/1938,5:00 pm,First round,FRA_11,FRA_5,FRA_7,AUT_3,9000
1938,206,1156,5/6/1938,5:00 pm,First round,FRA_9,ITA_11,FRA_3,FRA_14,7000
1938,206,1150,5/6/1938,5:30 pm,First round,FRA_15,SWE_1,FRA_6,FRA_11,13452
1938,206,1172,5/6/1938,6:30 pm,First round,FRA_14,FRA_13,FRA_9,FRA_10,11000
1938,206,1179,5/6/1938,5:00 pm,First round,FRA_17,AUT_1,FRA_15,FRA_16,19000
1938,206,1157,9/6/1938,6:00 pm,First round,FRA_9,GER_1,FRA_12,FRA_4,8000
1938,206,1166,9/6/1938,6:00 pm,First round,FRA_16,SWE_1,BEL_3,NED_1,20025
1950,208,1187,24/6/1950,3:00 pm,Group 1,BRA_19,ENG_1,WAL_1,SCO_2,81649
1950,208,1208,25/6/1950,3:00 pm,Group 2,BRA_2,BRA_2,POR_1,FRA_7,9511
1950,208,1219,25/6/1950,3:00 pm,Group 3,BRA_1,SUI_3,AUT_1,MEX_2,36502
1950,208,1192,25/6/1950,3:00 pm,Group 2,BRA_19,NED_2,BRA_4,SWE_2,29703
1950,208,1230,25/6/1950,3:00 pm,Group 1,BRA_6,ITA_13,SWE_1,ITA_12,7336
1950,208,1188,28/6/1950,3:00 pm,Group 1,BRA_1,ESP_2,CHI_2,PAR_1,42032
1950,208,1225,28/6/1950,3:00 pm,Group 1,BRA_5,ENG_2,SWE_2,NED_2,11078
1950,208,1202,29/6/1950,3:00 pm,Group 2,BRA_6,ITA_12,FRA_7,ITA_13,10151
1950,208,1228,29/6/1950,3:30 pm,Group 3,BRA_2,SCO_1,YUG_2,USA_1,7903
1950,208,1193,29/6/1950,3:00 pm,Group 2,BRA_19,BRA_3,URU_7,BOL_2,19790
1950,208,1191,1/7/1950,3:00 pm,Group 1,BRA_19,WAL_1,AUT_1,POR_1,142429
1950,209,1186,13/7/1950,3:00 pm,Group 6,BRA_19,ENG_2,SCO_2,POR_1,152772
1950,209,1231,13/7/1950,3:00 pm,Group 6,BRA_1,ITA_13,AUT_1,PAR_1,7987
1950,209,1206,16/7/1950,3:00 pm,Group 6,BRA_1,NED_2,SUI_3,USA_1,11227
1950,209,1190,16/7/1950,3:00 pm,Group 6,BRA_19,ENG_1,ENG_3,SCO_2,173850
1950,208,1218,2/7/1950,3:00 pm,Group 3,BRA_1,ENG_3,USA_1,FRA_7,25811
1950,208,1185,2/7/1950,3:00 pm,Group 4,BRA_6,ENG_1,BRA_2,YUG_2,5284
1950,208,1194,2/7/1950,3:00 pm,Group 2,BRA_4,BRA_4,PAR_2,BOL_2,8501
1950,208,1199,2/7/1950,3:00 pm,Group 2,BRA_19,ITA_13,SUI_3,ITA_12,74462
1950,208,1222,2/7/1950,3:40 pm,Group 1,BRA_5,SWE_1,SWE_2,CHI_2,3580
1950,209,1207,9/7/1950,3:00 pm,Group 6,BRA_1,WAL_1,ITA_12,BOL_2,44802
1950,209,1189,9/7/1950,3:00 pm,Group 6,BRA_19,ENG_3,USA_1,FRA_7,138886
1954,211,1315,16/6/1954,6:00 pm,Group 3,SUI_3,ENG_3,ENG_4,SUI_13,20500
1954,211,1249,16/6/1954,6:00 pm,Group 1,SUI_4,SUI_14,SUI_9,POR_1,13470
1954,211,1236,16/6/1954,6:00 pm,Group 3,SUI_2,BEL_4,BRA_2,SUI_7,25000
1954,211,1276,16/6/1954,6:00 pm,Group 1,SUI_6,WAL_1,SUI_12,ESP_3,16000
1954,211,1294,17/6/1954,6:00 pm,Group 2,SUI_2,FRA_17,SUI_11,AUT_4,13000
1954,211,1300,17/6/1954,5:50 pm,Group 4,SUI_6,BRA_2,ESP_3,URU_7,43000
1954,211,1240,17/6/1954,6:10 pm,Group 4,SUI_5,FRG_1,SUI_10,SUI_5,14000
1954,211,1283,17/6/1954,6:00 pm,Group 2,SUI_3,POR_1,HUN_3,SUI_6,28000
1954,211,1313,19/6/1954,4:50 pm,Group 3,SUI_5,ITA_14,SUI_14,SUI_4,34000
1954,211,1275,19/6/1954,5:10 pm,Group 1,SUI_4,ESP_3,BEL_4,SUI_12,19000
1954,211,1238,19/6/1954,5:00 pm,Group 3,SUI_2,YUG_1,SUI_8,SUI_7,26000
1954,211,1252,19/6/1954,5:00 pm,Group 1,SUI_6,SCO_3,ENG_3,SUI_11,24637
1954,211,1304,20/6/1954,5:00 pm,Group 2,SUI_4,URU_7,ITA_14,SUI_9,4000
1954,211,1277,20/6/1954,4:50 pm,Group 2,SUI_5,ENG_4,SUI_13,WAL_1,56000
1954,211,1263,20/6/1954,5:10 pm,Group 4,SUI_3,HUN_3,POR_1,YUG_1,43500
1954,211,1243,20/6/1954,5:00 pm,Group 4,SUI_1,AUT_4,FRA_17,FRG_1,24000
1954,211,1284,23/6/1954,6:00 pm,Group 2,SUI_2,FRA_17,SCO_3,SUI_8,17000
1954,211,1301,23/6/1954,6:00 pm,Group 4,SUI_5,WAL_1,POR_1,ENG_4,30000
1954,212,1237,26/6/1954,5:00 pm,Quarter-finals,SUI_6,SCO_3,ESP_3,FRG_1,35000
1954,212,1264,26/6/1954,5:00 pm,Quarter-finals,SUI_5,AUT_4,YUG_1,ITA_14,28000
1954,212,1285,27/6/1954,5:00 pm,Quarter-finals,SUI_4,HUN_3,BEL_4,SUI_10,17000
1954,212,1248,27/6/1954,5:00 pm,Quarter-finals,SUI_3,ENG_3,ENG_4,SUI_14,40000
1954,462,1233,30/6/1954,6:00 pm,Semi-finals,SUI_5,ITA_14,ENG_3,SUI_10,58000
1954,462,1295,30/6/1954,6:00 pm,Semi-finals,SUI_6,WAL_1,SCO_3,FRA_17,45000
1954,3485,1239,3/7/1954,5:00 pm,Match for third place,SUI_2,SUI_14,HUN_3,ENG_3,32000
1954,3484,1278,4/7/1954,5:00 pm,Final,SUI_3,ENG_4,ITA_14,WAL_1,62500
1958,220,1423,11/6/1958,7:00 pm,Group 2,SWE_4,ITA_14,ESP_4,SWE_6,11665
1958,220,1418,11/6/1958,7:00 pm,Group 3,SWE_3,YUG_2,URS_1,URU_8,15150
1958,220,1391,11/6/1958,7:00 pm,Group 1,SWE_10,ENG_3,ENG_2,AUT_5,25000
1958,220,1332,11/6/1958,7:00 pm,Group 4,SWE_9,DEN_2,NOR_1,SWE_5,21239
1958,220,1339,11/6/1958,7:00 pm,Group 4,SWE_5,GER_2,SWE_7,HUN_3,40895
1958,220,1324,11/6/1958,7:00 pm,Group 1,SWE_8,SWE_4,POR_2,DEN_1,14174
1958,220,1388,11/6/1958,7:00 pm,Group 2,SWE_11,WAL_1,SUI_14,NOR_2,12217
1958,220,1406,12/6/1958,7:00 pm,Group 3,SWE_3,SCO_4,BEL_5,NOR_2,38850
1958,220,1327,15/6/1958,7:00 pm,Group 4,SWE_9,NED_3,GER_2,HUN_3,15872
1958,220,1389,15/6/1958,7:00 pm,Group 1,SWE_7,POR_2,SWE_4,DEN_1,21990
1958,220,1344,15/6/1958,7:00 pm,Group 4,SWE_5,FRA_18,NOR_1,DEN_2,50928
1958,220,1403,15/6/1958,7:00 pm,Group 3,SWE_6,FIN_1,URU_8,SCO_4,13300
1958,220,1426,15/6/1958,7:00 pm,Group 2,SWE_2,TCH_3,WAL_1,ESP_4,13103
1958,220,1438,15/6/1958,2:00 pm,Group 3,SWE_3,BEL_5,YUG_2,URS_1,30287
1958,220,1387,15/6/1958,7:00 pm,Group 2,SWE_1,ARG_2,ITA_14,SUI_14,13554
1958,220,1325,15/6/1958,7:00 pm,Group 1,SWE_10,ENG_3,ENG_2,AUT_5,16418
1958,220,1373,17/6/1958,7:00 pm,Group 4,SWE_5,GER_2,NED_3,AUT_5,23182
1958,220,1422,17/6/1958,7:00 pm,Group 1,SWE_7,FRA_18,POR_2,SWE_4,6196
1958,220,1408,17/6/1958,7:00 pm,Group 3,SWE_3,URS_1,URU_8,FIN_1,2823
1958,221,1345,19/6/1958,7:00 pm,Quarter-finals,SWE_5,AUT_5,FRA_18,GER_2,25923
1958,221,1437,19/6/1958,7:00 pm,Quarter-finals,SWE_3,ENG_2,ARG_2,NOR_2,31900
1958,221,1385,19/6/1958,7:00 pm,Quarter-finals,SWE_4,ESP_4,URS_1,SWE_6,11800
1958,221,1392,19/6/1958,7:00 pm,Quarter-finals,SWE_7,SUI_14,POR_2,DEN_1,20055
1958,488,1390,24/6/1958,7:00 pm,Semi-finals,SWE_5,HUN_3,AUT_5,ENG_3,49471
1958,488,1340,24/6/1958,7:00 pm,Semi-finals,SWE_3,WAL_1,SUI_14,ENG_2,27100
1958,3483,1382,28/6/1958,5:00 pm,Match for third place,SWE_5,ARG_2,ENG_3,SWE_3,32483
1958,3482,1343,29/6/1958,3:00 pm,Final,SWE_3,FRA_18,GER_2,ESP_4,49737
1958,220,1326,8/6/1958,7:00 pm,Group 4,SWE_12,FRA_18,GER_2,NED_3,17788
1958,220,1386,8/6/1958,7:00 pm,Group 2,SWE_4,ESP_4,WAL_1,ARG_2,16518
1958,220,1434,8/6/1958,7:00 pm,Group 2,SWE_11,SUI_14,ITA_14,TCH_3,9591
1958,220,1372,8/6/1958,7:00 pm,Group 4,SWE_5,HUN_3,NOR_1,DEN_2,49348
1958,220,1407,8/6/1958,7:00 pm,Group 3,SWE_6,URU_8,YUG_2,BEL_5,15343
1958,220,1421,8/6/1958,7:00 pm,Group 1,SWE_8,AUT_5,ENG_3,POR_2,10647
1958,220,1415,8/6/1958,2:00 pm,Group 3,SWE_3,URS_1,SCO_4,FIN_1,34107
1958,220,1323,8/6/1958,7:00 pm,Group 1,SWE_7,ENG_2,DEN_1,SWE_4,31156
1962,231,1473,30/5/1962,3:00 pm,Group 2,CHI_1,ENG_5,BEL_6,MEX_4,65006
1962,231,1461,30/5/1962,3:00 pm,Group 3,CHI_4,SUI_15,AUT_4,FRA_19,10484
1962,231,1447,30/5/1962,3:00 pm,Group 4,CHI_2,ESP_4,MEX_3,CAN_1,7134
1962,231,1479,30/5/1962,3:00 pm,Group 1,CHI_3,HUN_4,BRA_5,TCH_4,7908
1962,231,1490,31/5/1962,3:00 pm,Group 4,CHI_2,NED_4,BEL_6,USA_2,7938
1962,231,1498,31/5/1962,3:00 pm,Group 3,CHI_4,AUT_4,URU_7,CUW_1,12700
1962,231,1563,31/5/1962,3:00 pm,Group 1,CHI_3,GER_2,BRA_5,CHI_4,9622
1962,231,1507,31/5/1962,3:00 pm,Group 2,CHI_1,SCO_5,CAN_1,ARG_3,65440
1962,232,1511,10/6/1962,2:30 pm,Quarter-finals,CHI_1,MEX_4,ARG_3,CHI_8,63324
1962,232,1474,10/6/1962,2:30 pm,Quarter-finals,CHI_3,NED_4,BRA_5,TCH_4,17268
1962,232,1525,10/6/1962,2:30 pm,Quarter-finals,CHI_2,URS_1,MEX_3,BUL_1,11690
1962,232,1459,10/6/1962,2:30 pm,Quarter-finals,CHI_4,FRA_19,SUI_15,CHI_2,17736
1962,514,1458,13/6/1962,2:30 pm,Semi-finals,CHI_1,MEX_4,URU_7,ARG_3,76594
1962,514,1559,13/6/1962,2:30 pm,Semi-finals,CHI_4,SUI_15,AUT_4,ITA_15,5890
1962,3481,1475,16/6/1962,2:30 pm,Match for third place,CHI_1,ESP_4,GER_2,HUN_4,66697
1962,3480,1463,17/6/1962,2:30 pm,Final,CHI_1,URS_1,NED_4,SCO_5,68679
1962,231,1472,2/6/1962,3:00 pm,Group 2,CHI_1,ENG_5,USA_2,MEX_3,66057
1962,231,1462,2/6/1962,3:00 pm,Group 3,CHI_4,FRA_19,CHI_3,SUI_15,14903
1962,231,1450,2/6/1962,3:00 pm,Group 4,CHI_2,URS_1,CHI_5,CAN_1,9794
1962,231,1564,2/6/1962,3:00 pm,Group 1,CHI_3,TCH_4,GER_2,ITA_15,8829
1962,231,1497,3/6/1962,3:00 pm,Group 3,CHI_4,YUG_3,CHI_6,CUW_1,11875
1962,231,1478,3/6/1962,3:00 pm,Group 1,CHI_3,BRA_5,HUN_4,CHI_4,8040
1962,231,1510,3/6/1962,3:00 pm,Group 2,CHI_1,NED_4,URS_1,ARG_3,64922
1962,231,1470,3/6/1962,3:00 pm,Group 4,CHI_2,ESP_4,SCO_5,CHI_9,7442
1962,231,1451,6/6/1962,3:00 pm,Group 4,CHI_2,MEX_4,CHI_7,ESP_4,7945
1962,231,1562,6/6/1962,3:00 pm,Group 1,CHI_3,ITA_15,HUN_4,GER_2,9973
1962,231,1471,6/6/1962,3:00 pm,Group 2,CHI_1,SCO_5,ENG_5,NED_4,67224
1962,231,1460,6/6/1962,3:00 pm,Group 3,CHI_4,CHI_2,URU_7,COL_1,18715
1962,231,1532,7/6/1962,3:00 pm,Group 2,CHI_1,URS_1,SCO_5,BUL_1,59828
1962,231,1544,7/6/1962,3:00 pm,Group 3,CHI_4,SUI_15,YUG_3,COL_1,10648
1962,231,1464,7/6/1962,3:00 pm,Group 4,CHI_2,BEL_6,CHI_5,CHI_7,5700
1962,231,1480,7/6/1962,3:00 pm,Group 1,CHI_3,CHI_4,ITA_15,TCH_4,7167
1966,238,1636,11/7/1966,7:30 pm,Group 1,ENG_4,HUN_3,URS_2,BUL_1,87148
1966,238,1596,12/7/1966,7:30 pm,Group 3,ENG_2,GER_3,ENG_7,ENG_11,47308
1966,238,1710,12/7/1966,7:30 pm,Group 4,ENG_3,ESP_4,EGY_2,SUI_15,23006
1966,238,1656,12/7/1966,7:30 pm,Group 2,ENG_1,SCO_6,NIR_1,SWE_7,36127
1966,238,1578,13/7/1966,7:30 pm,Group 2,ENG_6,BUL_1,MEX_4,YUG_4,42738
1966,238,1608,13/7/1966,7:30 pm,Group 4,ENG_8,SUI_15,ENG_6,GER_4,27199
1966,238,1650,13/7/1966,7:30 pm,Group 1,ENG_4,ISR_1,POR_2,TCH_4,69237
1966,238,1675,13/7/1966,7:30 pm,Group 3,ENG_5,WAL_2,ENG_8,ENG_9,29886
1966,238,1641,15/7/1966,7:30 pm,Group 2,ENG_1,URS_2,HUN_3,SCO_6,32028
1966,238,1597,15/7/1966,7:30 pm,Group 3,ENG_2,ENG_10,ENG_8,MEX_4,51387
1966,238,1653,15/7/1966,7:30 pm,Group 1,ENG_7,TCH_4,WAL_2,BRA_6,45662
1966,238,1609,15/7/1966,7:30 pm,Group 4,ENG_3,EGY_2,SCO_7,ENG_6,13792
1966,238,1634,16/7/1966,7:30 pm,Group 1,ENG_4,ITA_16,PRK_1,ISR_1,92570
1966,238,1682,16/7/1966,3:00 pm,Group 4,ENG_8,GER_4,SCO_7,EGY_2,27793
1966,238,1579,16/7/1966,3:00 pm,Group 2,ENG_6,YUG_4,POR_2,SWE_7,46587
1966,238,1602,16/7/1966,3:00 pm,Group 3,ENG_5,URU_8,ARG_4,GER_3,25438
1966,238,1689,19/7/1966,4:30 pm,Group 1,ENG_4,SWE_7,CHI_6,ITA_16,61112
1966,238,1679,19/7/1966,7:30 pm,Group 4,ENG_3,FRA_19,NIR_1,ENG_11,17829
1966,238,1598,19/7/1966,7:30 pm,Group 3,ENG_2,ENG_7,WAL_2,ENG_10,58479
1966,238,1582,19/7/1966,7:30 pm,Group 2,ENG_1,POR_2,HUN_3,URS_2,32127
1966,238,1632,20/7/1966,7:30 pm,Group 1,ENG_4,MEX_4,TCH_4,BUL_1,98270
1966,238,1610,20/7/1966,7:30 pm,Group 4,ENG_8,NIR_1,FRA_19,ENG_9,16027
1966,238,1599,20/7/1966,7:30 pm,Group 3,ENG_5,ARG_4,ESP_4,URU_8,24129
1966,238,1637,20/7/1966,7:30 pm,Group 2,ENG_6,BRA_6,CHI_6,PRK_1,42187
1966,239,1660,23/7/1966,3:00 pm,Quarter-finals,ENG_1,ENG_6,EGY_2,SCO_6,40007
1966,239,1702,23/7/1966,3:00 pm,Quarter-finals,ENG_2,ISR_1,TCH_4,FRA_19,40248
1966,239,1676,23/7/1966,3:00 pm,Quarter-finals,ENG_8,ESP_4,URU_8,POR_2,26844
1966,239,1577,23/7/1966,3:00 pm,Quarter-finals,ENG_4,GER_4,SUI_15,HUN_3,90584
1966,536,1659,25/7/1966,7:30 pm,Semi-finals,ENG_2,ITA_16,URU_8,ESP_4,38273
1966,536,1635,26/7/1966,7:30 pm,Semi-finals,ENG_4,FRA_19,MEX_4,YUG_4,94493
1966,3479,1709,28/7/1966,7:30 pm,Match for third place,ENG_4,ENG_10,ENG_8,EGY_2,87696
1966,3478,1633,30/7/1966,3:00 pm,Final,ENG_4,SUI_15,URS_2,TCH_4,96924
1970,250,1902,31/5/1970,12:00 pm,Group 1,MEX_9,GER_3,BER_1,ENG_11,107160
1970,250,1823,10/6/1970,4:00 pm,Group 1,MEX_9,CHI_10,ARG_5,BRA_7,89979
1970,250,1769,10/6/1970,4:00 pm,Group 3,MEX_12,AUT_6,URU_9,BEL_7,50804
1970,250,1922,10/6/1970,4:00 pm,Group 2,MEX_11,USA_3,ENG_11,ROU_2,18163
1970,250,1840,10/6/1970,4:00 pm,Group 4,MEX_13,MEX_5,ESP_5,ITA_17,17875
1970,250,1779,11/6/1970,4:00 pm,Group 4,MEX_13,POR_3,URS_2,NED_5,12299
1970,250,1752,11/6/1970,4:00 pm,Group 1,MEX_9,ARG_5,USA_3,CHI_10,108192
1970,250,1877,11/6/1970,4:00 pm,Group 2,MEX_7,BRA_7,ETH_1,GER_3,9890
1970,250,1813,11/6/1970,4:00 pm,Group 3,MEX_12,FRA_20,HUN_5,AUT_6,49292
1970,251,1768,14/6/1970,12:00 pm,Quarter-finals,MEX_12,BEL_7,AUT_6,HUN_5,54233
1970,251,1882,14/6/1970,12:00 pm,Quarter-finals,MEX_7,SUI_16,BER_1,USA_3,26851
1970,251,1925,14/6/1970,12:00 pm,Quarter-finals,MEX_9,NED_5,SCO_5,GDR_1,26085
1970,251,1811,14/6/1970,12:00 pm,Quarter-finals,MEX_13,ARG_5,COL_2,ESP_5,23357
1970,569,1838,17/6/1970,4:00 pm,Semi-finals,MEX_9,MEX_4,CHI_10,COL_2,102444
1970,569,1771,17/6/1970,4:00 pm,Semi-finals,MEX_12,ESP_5,URS_2,AUT_6,51261
1970,250,1881,2/6/1970,4:00 pm,Group 2,MEX_11,SCO_5,SUI_16,ETH_1,20654
1970,250,1812,2/6/1970,4:00 pm,Group 3,MEX_12,BEL_7,FRA_20,MEX_6,50560
1970,250,1780,2/6/1970,4:00 pm,Group 4,MEX_13,ITA_17,MEX_5,JPN_1,13765
1970,3477,1843,20/6/1970,4:00 pm,Match for third place,MEX_9,ITA_17,AUT_6,MEX_5,104403
1970,3476,1765,21/6/1970,12:00 pm,Final,MEX_9,GDR_1,SUI_16,ARG_5,107412
1970,250,1747,3/6/1970,4:00 pm,Group 1,MEX_9,ROU_2,GDR_1,GER_3,92205
1970,250,1770,3/6/1970,4:00 pm,Group 3,MEX_12,URU_9,ISR_2,MEX_4,52897
1970,250,1839,3/6/1970,4:00 pm,Group 4,MEX_13,NED_5,ESP_5,COL_2,12942
1970,250,1883,3/6/1970,4:00 pm,Group 2,MEX_7,ENG_11,SUI_16,EGY_2,13433
1970,250,1919,6/6/1970,4:00 pm,Group 3,MEX_12,MEX_6,HUN_5,BEL_7,56818
1970,250,1893,6/6/1970,4:00 pm,Group 4,MEX_13,URS_2,JPN_1,ITA_17,13537
1970,250,1884,6/6/1970,4:00 pm,Group 2,MEX_11,GDR_1,GER_3,YUG_5,29968
1970,250,1753,6/6/1970,4:00 pm,Group 1,MEX_9,SUI_16,USA_3,SCO_5,95261
1970,250,1774,7/6/1970,12:00 pm,Group 4,MEX_13,ESP_5,COL_2,POR_3,12710
1970,250,1820,7/6/1970,12:00 pm,Group 1,MEX_9,EGY_2,BER_1,ENG_11,103058
1970,250,1880,7/6/1970,12:00 pm,Group 2,MEX_7,ETH_1,ROU_2,YUG_5,9624
1970,250,1764,7/6/1970,12:00 pm,Group 3,MEX_12,ISR_2,MEX_4,FRA_20,66843
1974,262,1986,13/6/1974,5:00 pm,Group 2,GER_3,SUI_16,BEL_7,ARG_6,62000
1974,262,2176,14/6/1974,7:30 pm,Group 2,GER_17,GER_7,AUS_1,FRG_2,27000
1974,262,1955,14/6/1974,7:30 pm,Group 1,GER_19,SEN_2,ESP_6,COL_3,17000
1974,262,2003,14/6/1974,4:00 pm,Group 1,GER_18,TUR_1,ENG_11,CAN_2,81100
1974,262,1995,15/6/1974,4:00 pm,Group 3,GER_11,PER_1,MEX_7,SIN_1,23800
1974,262,1952,15/6/1974,6:00 pm,Group 4,GER_14,WAL_3,GER_6,SCO_5,32700
1974,262,2083,15/6/1974,6:00 pm,Group 4,GER_18,VEN_1,IRN_1,BRA_6,53000
1974,262,2098,15/6/1974,4:00 pm,Group 3,GER_12,HUN_6,URS_3,ROU_3,55100
1974,262,2186,18/6/1974,7:30 pm,Group 2,GER_15,COL_3,VEN_1,URU_9,31700
1974,262,1954,18/6/1974,4:00 pm,Group 1,GER_19,EGY_3,MEX_7,PER_1,53300
1974,262,2004,18/6/1974,7:30 pm,Group 1,GER_18,ITA_18,SUI_16,SCO_5,28300
1974,262,1985,18/6/1974,7:30 pm,Group 2,GER_3,NED_6,HUN_6,AUT_7,62000
1974,262,1949,19/6/1974,7:30 pm,Group 4,GER_14,URS_3,GDR_1,ROU_3,70100
1974,262,2085,19/6/1974,7:30 pm,Group 4,GER_18,SIN_1,GER_8,GER_9,25300
1974,262,1996,19/6/1974,7:30 pm,Group 3,GER_12,ENG_11,TUR_1,GER_5,13400
1974,262,2097,19/6/1974,7:30 pm,Group 3,GER_17,CAN_2,GER_3,WAL_3,53700
1974,262,1953,22/6/1974,4:00 pm,Group 1,GER_18,IRN_1,BEL_7,NED_6,17400
1974,262,2175,22/6/1974,4:00 pm,Group 2,GER_3,MEX_7,GDR_1,GER_3,56000
1974,262,1987,22/6/1974,4:00 pm,Group 2,GER_15,ROU_3,ITA_18,GER_5,36200
1974,262,2062,22/6/1974,7:30 pm,Group 1,GER_19,URU_9,BRA_6,ARG_6,60200
1974,262,1947,23/6/1974,4:00 pm,Group 4,GER_18,ESP_6,EGY_3,SEN_1,25900
1974,262,2181,23/6/1974,4:00 pm,Group 3,GER_11,AUT_7,VEN_1,GER_6,28300
1974,262,2129,23/6/1974,4:00 pm,Group 4,GER_14,FRG_2,CAN_2,GER_7,70100
1974,262,1990,23/6/1974,4:00 pm,Group 3,GER_17,AUS_1,GER_8,GER_9,53300
1974,263,1982,26/6/1974,7:30 pm,Group A,GER_12,WAL_3,TUR_1,AUS_1,59863
1974,263,1948,26/6/1974,7:30 pm,Group A,GER_15,SCO_5,GER_3,URS_3,56548
1974,263,2167,26/6/1974,7:30 pm,Group B,GER_14,URU_9,MEX_7,ARG_6,44955
1974,263,2066,26/6/1974,4:00 pm,Group B,GER_11,BRA_6,ITA_18,PER_1,67385
1974,263,2170,30/6/1974,4:00 pm,Group B,GER_3,GDR_1,BRA_6,CAN_2,58000
1974,263,2065,30/6/1974,7:30 pm,Group B,GER_11,URS_3,ROU_3,ESP_6,67800
1974,263,2067,30/6/1974,4:00 pm,Group A,GER_15,SUI_16,AUT_7,COL_3,68348
1974,263,1945,30/6/1974,4:00 pm,Group A,GER_12,BEL_7,SEN_1,ENG_11,39400
1974,263,1946,3/7/1974,7:30 pm,Group A,GER_15,ENG_11,EGY_3,WAL_3,54254
1974,263,2064,3/7/1974,5:00 pm,Group B,GER_3,AUT_7,HUN_6,SUI_16,62000
1974,263,2182,3/7/1974,7:30 pm,Group B,GER_11,ARG_6,URU_9,VEN_1,41300
1974,263,1983,3/7/1974,7:30 pm,Group A,GER_17,GER_3,SCO_5,SIN_1,53700
1974,264,1984,6/7/1974,4:00 pm,Match for third place,GER_18,ITA_18,IRN_1,SEN_1,77100
1974,605,2063,7/7/1974,4:00 pm,Final,GER_18,ENG_11,MEX_7,URU_9,78200
1978,278,2351,1/6/1978,3:00 pm,Group 2,ARG_4,ARG_5,ARG_8,ARG_7,67579
1978,278,2431,10/6/1978,4:45 pm,Group 2,ARG_6,IRN_1,SWE_8,NED_7,22651
1978,278,2200,10/6/1978,7:15 pm,Group 1,ARG_4,ISR_2,MEX_7,BEL_8,71712
1978,278,2352,10/6/1978,4:45 pm,Group 2,ARG_8,PER_2,ARG_7,ARG_6,30667
1978,278,2344,10/6/1978,3:10 pm,Group 1,ARG_7,BRA_8,ENG_12,CHI_11,23127
1978,278,2337,11/6/1978,1:45 pm,Group 3,ARG_1,GER_8,ARG_8,GDR_2,42132
1978,278,2405,11/6/1978,4:45 pm,Group 4,ARG_8,POL_1,SCG_1,CAN_2,21262
1978,278,2395,11/6/1978,4:45 pm,Group 4,ARG_3,AUT_7,HUN_6,TUN_1,35130
1978,278,2215,11/6/1978,1:45 pm,Group 3,ARG_7,FRA_21,SYR_1,ERI_1,35221
1978,279,2220,14/6/1978,1:45 pm,Group A,ARG_8,SCO_8,ARG_8,SYR_1,25050
1978,279,2349,14/6/1978,1:45 pm,Group A,ARG_4,SCG_1,MEX_7,ARG_7,67547
1978,279,2202,14/6/1978,7:15 pm,Group B,ARG_6,SWE_8,IRN_1,ERI_1,37091
1978,279,2251,14/6/1978,4:45 pm,Group B,ARG_3,ROU_3,SUI_17,CAN_2,31278
1978,279,2221,18/6/1978,4:45 pm,Group A,ARG_4,BEL_8,ARG_5,SEN_2,66695
1978,279,2450,18/6/1978,1:45 pm,Group B,ARG_3,ENG_12,WAL_4,NED_7,35288
1978,279,2348,18/6/1978,4:45 pm,Group A,ARG_8,URU_9,ARG_7,BRA_8,40750
1978,279,2196,18/6/1978,7:15 pm,Group B,ARG_6,HUN_6,AUT_7,GDR_2,37326
1978,278,2199,2/6/1978,7:15 pm,Group 1,ARG_4,POR_4,SEN_2,ENG_12,71615
1978,278,2347,2/6/1978,1:45 pm,Group 1,ARG_7,ROU_3,AUT_7,CHI_11,42373
1978,278,2433,2/6/1978,4:45 pm,Group 2,ARG_6,SCO_8,SUI_17,ITA_19,17396
1978,279,2201,21/6/1978,7:15 pm,Group B,ARG_6,FRA_21,GER_8,ITA_19,37315
1978,279,2391,21/6/1978,1:45 pm,Group A,ARG_4,ESP_7,ARG_6,PER_2,67433
1978,279,2217,21/6/1978,1:45 pm,Group A,ARG_8,ISR_2,POL_1,POR_4,38318
1978,279,2252,21/6/1978,4:45 pm,Group B,ARG_3,CHI_11,URS_4,MEX_7,39586
1978,280,2247,24/6/1978,3:00 pm,Match for third place,ARG_4,ISR_2,MEX_7,HUN_6,69659
1978,639,2198,25/6/1978,3:00 pm,Final,ARG_4,ITA_19,URU_9,AUT_7,71483
1978,278,2216,3/6/1978,1:45 pm,Group 3,ARG_1,HUN_6,URU_9,URS_4,40841
1978,278,2388,3/6/1978,4:45 pm,Group 4,ARG_3,MEX_7,FRA_21,ARG_7,33431
1978,278,2451,3/6/1978,4:45 pm,Group 4,ARG_8,SWE_8,ERI_1,ESP_7,37927
1978,278,2253,3/6/1978,1:45 pm,Group 3,ARG_7,WAL_3,POL_1,IRN_1,32569
1978,278,2454,6/6/1978,4:45 pm,Group 2,ARG_6,ESP_7,ARG_6,WAL_3,9624
1978,278,2350,6/6/1978,4:45 pm,Group 2,ARG_8,SYR_1,POR_4,BEL_8,35258
1978,278,2396,6/6/1978,1:45 pm,Group 1,ARG_7,URU_9,GER_8,SCO_8,26533
1978,278,2197,6/6/1978,7:15 pm,Group 1,ARG_4,SUI_17,PER_2,CAN_2,71666
1978,278,2246,7/6/1978,1:45 pm,Group 3,ARG_7,ITA_19,ISR_2,ARG_8,34771
1978,278,2394,7/6/1978,4:45 pm,Group 4,ARG_3,GDR_2,ARG_5,URS_4,28125
1978,278,2224,7/6/1978,1:45 pm,Group 3,ARG_1,NED_7,SCG_1,TUN_1,41424
1978,278,2408,7/6/1978,4:45 pm,Group 4,ARG_8,SEN_2,ROU_3,BRA_8,7938
1982,293,749,13/6/1982,8:00 pm,Group 3,ESP_12,TCH_5,HUN_6,POL_1,95000
1982,293,995,14/6/1982,5:15 pm,Group 1,ESP_13,FRA_22,GDR_2,ROU_3,33000
1982,293,791,14/6/1982,9:00 pm,Group 6,ESP_10,ESP_8,ESP_10,ESP_9,68000
1982,293,833,15/6/1982,5:15 pm,Group 1,ESP_11,AUT_8,ROU_3,GDR_2,11000
1982,293,896,15/6/1982,9:00 pm,Group 3,ESP_16,BHR_1,NED_7,DEN_3,23000
1982,293,1051,15/6/1982,9:00 pm,Group 6,ESP_17,USA_4,HKG_1,LBY_1,36000
1982,293,741,16/6/1982,5:15 pm,Group 2,ESP_14,PER_3,COL_4,ITA_20,42000
1982,293,901,16/6/1982,9:00 pm,Group 5,ESP_4,ARG_8,BUL_2,BOL_3,49562
1982,293,878,16/6/1982,5:15 pm,Group 4,ESP_15,POR_4,CHI_12,BRA_8,44172
1982,293,1012,17/6/1982,5:45 pm,Group 4,ESP_2,GHA_1,GUA_1,SCO_9,25000
1982,293,764,17/6/1982,5:15 pm,Group 2,ESP_5,URU_10,ITA_20,COL_4,22500
1982,293,1044,17/6/1982,9:00 pm,Group 5,ESP_3,SWE_9,SUI_18,HUN_6,25000
1982,293,790,18/6/1982,9:00 pm,Group 6,ESP_9,CRC_1,HKG_1,GDR_2,47379
1982,293,994,18/6/1982,5:15 pm,Group 1,ESP_13,GER_9,MEX_8,ISR_2,25000
1982,293,752,18/6/1982,9:00 pm,Group 3,ESP_8,ALG_1,FRA_22,ROU_3,32093
1982,293,1054,19/6/1982,9:00 pm,Group 6,ESP_17,LBY_1,ESP_11,ENG_13,19000
1982,293,834,19/6/1982,7:15 pm,Group 1,ESP_11,BEL_9,GER_9,MEX_8,19000
1982,293,774,19/6/1982,9:00 pm,Group 3,ESP_16,NIR_2,CHI_12,POL_1,15000
1982,293,813,20/6/1982,5:15 pm,Group 2,ESP_14,SUI_18,TCH_5,AUS_1,42000
1982,293,903,20/6/1982,9:00 pm,Group 5,ESP_4,DEN_3,POR_4,ARG_8,48000
1982,293,889,20/6/1982,5:15 pm,Group 4,ESP_15,NED_7,BUL_2,COL_4,41123
1982,293,919,21/6/1982,5:15 pm,Group 4,ESP_2,URS_5,SWE_9,CRO_1,30043
1982,293,959,21/6/1982,9:00 pm,Group 5,ESP_3,HKG_1,PER_3,ITA_20,15000
1982,293,739,21/6/1982,5:15 pm,Group 2,ESP_5,AUS_1,TCH_5,BHR_1,22000
1982,293,1071,22/6/1982,9:00 pm,Group 6,ESP_17,ROU_3,POL_1,BEL_9,45000
1982,293,1055,22/6/1982,5:15 pm,Group 1,ESP_11,MEX_8,ESP_11,ESP_10,25000
1982,293,779,22/6/1982,9:00 pm,Group 3,ESP_16,ENG_13,GER_9,ALG_1,37000
1982,293,751,23/6/1982,9:00 pm,Group 3,ESP_8,BOL_3,ESP_8,ALG_1,32500
1982,293,789,23/6/1982,9:00 pm,Group 6,ESP_9,CRO_1,ISR_2,NED_7,43000
1982,293,828,23/6/1982,5:15 pm,Group 1,ESP_13,BUL_2,ESP_11,ESP_10,20000
1982,293,962,24/6/1982,9:00 pm,Group 5,ESP_3,CHI_12,CRC_1,ARG_8,25000
1982,293,922,24/6/1982,5:15 pm,Group 4,ESP_2,ITA_20,GHA_1,HUN_6,28000
1982,293,740,24/6/1982,5:15 pm,Group 2,ESP_5,GUA_1,SWE_9,BRA_8,16000
1982,293,882,25/6/1982,5:15 pm,Group 4,ESP_15,COL_4,DEN_3,ESP_9,39700
1982,293,902,25/6/1982,9:00 pm,Group 5,ESP_4,PAR_3,PER_3,BEL_9,49562
1982,293,770,25/6/1982,5:15 pm,Group 2,ESP_14,SCO_9,BHR_1,BRA_8,41000
1982,294,782,28/6/1982,9:00 pm,Group 1,ESP_12,CRC_1,PER_3,CHI_12,65000
1982,294,767,28/6/1982,5:15 pm,Group 4,ESP_6,HUN_6,TCH_5,CRO_1,37000
1982,294,879,29/6/1982,9:00 pm,Group 2,ESP_1,BRA_8,PAR_3,GUA_1,75000
1982,294,753,29/6/1982,5:15 pm,Group 3,ESP_7,ROU_3,SUI_18,ALG_1,43000
1982,294,771,1/7/1982,5:15 pm,Group 4,ESP_6,GDR_2,SWE_9,GER_9,20000
1982,294,783,1/7/1982,9:00 pm,Group 1,ESP_12,FRA_22,NED_7,POR_4,45000
1982,676,921,10/7/1982,8:00 pm,Match for third place,ESP_8,POR_4,MEX_8,ALG_1,28000
1982,3475,923,11/7/1982,8:00 pm,Final,ESP_1,BRA_8,ISR_2,TCH_5,90000
1982,294,900,2/7/1982,9:00 pm,Group 2,ESP_1,ITA_20,AUT_8,HUN_6,90089
1982,294,750,2/7/1982,5:15 pm,Group 3,ESP_7,MEX_8,COL_4,CHI_12,44000
1982,294,920,4/7/1982,5:15 pm,Group 4,ESP_6,POL_1,ROU_3,LBY_1,37000
1982,294,1058,4/7/1982,9:00 pm,Group 1,ESP_12,SCO_9,DEN_3,ENG_13,65000
1982,294,877,5/7/1982,9:00 pm,Group 2,ESP_1,BEL_9,FRA_22,ALG_1,75000
1982,294,788,5/7/1982,5:15 pm,Group 3,ESP_7,ISR_2,HKG_1,BUL_2,44000
1982,295,914,8/7/1982,9:00 pm,Semi-finals,ESP_10,NED_7,SUI_18,SCO_9,70000
1982,295,996,8/7/1982,5:15 pm,Semi-finals,ESP_12,URU_10,USA_4,COL_4,50000
1986,308,459,31/5/1986,12:00 pm,Group A,MEX_9,SWE_9,MEX_11,GER_10,96000
1986,308,439,1/6/1986,12:00 pm,Group D,MEX_12,AUS_2,USA_4,NED_8,35748
1986,308,468,1/6/1986,4:00 pm,Group C,MEX_13,CHI_13,GUA_1,CRC_2,65500
1986,308,643,10/6/1986,12:00 pm,Group A,MEX_11,USA_4,MEX_9,SYR_2,20000
1986,308,389,10/6/1986,12:00 pm,Group A,MEX_14,CRC_2,BRA_9,URU_11,65000
1986,308,429,11/6/1986,12:00 pm,Group B,MEX_4,BUL_2,TUN_2,CHI_13,16000
1986,308,627,11/6/1986,12:00 pm,Group B,MEX_9,SRB_1,HUN_7,ITA_21,103763
1986,308,675,11/6/1986,4:00 pm,Group F,MEX_8,NIR_3,RUS_1,GER_10,28000
1986,308,537,11/6/1986,4:00 pm,Group F,MEX_2,SUI_19,AUT_9,TCH_5,22700
1986,308,441,12/6/1986,12:00 pm,Group D,MEX_12,GER_11,MLI_1,ENG_14,51000
1986,308,378,12/6/1986,12:00 pm,Group D,MEX_2,JPN_2,MRI_1,ARG_9,23980
1986,308,712,13/6/1986,12:00 pm,Group E,MEX_1,FRA_23,COL_5,TUN_2,20000
1986,308,512,13/6/1986,12:00 pm,Group E,MEX_10,BEL_9,AUS_2,SWE_9,36000
1986,309,463,15/6/1986,12:00 pm,Round of 16,MEX_9,BRA_9,GUA_1,ROU_4,114580
1986,309,432,15/6/1986,4:00 pm,Round of 16,MEX_13,SWE_9,ESP_10,USA_4,32277
1986,309,398,16/6/1986,4:00 pm,Round of 16,MEX_11,ITA_21,ENG_14,POR_5,26000
1986,309,444,16/6/1986,12:00 pm,Round of 16,MEX_12,GER_10,MEX_10,NIR_3,45000
1986,309,574,17/6/1986,4:00 pm,Round of 16,MEX_3,SRB_1,HUN_7,AUT_9,19800
1986,309,568,17/6/1986,12:00 pm,Round of 16,MEX_14,ARG_9,URU_11,COL_5,70000
1986,309,536,18/6/1986,12:00 pm,Round of 16,MEX_9,SYR_2,BEL_9,KSA_1,98728
1986,309,511,18/6/1986,4:00 pm,Round of 16,MEX_10,NED_8,TUN_2,BUL_2,38500
1986,308,395,2/6/1986,12:00 pm,Group A,MEX_14,ESP_10,PAR_4,COL_5,60000
1986,308,674,2/6/1986,4:00 pm,Group F,MEX_3,URU_11,FRA_23,MLI_1,19900
1986,308,610,2/6/1986,12:00 pm,Group C,MEX_6,ITA_21,ENG_14,AUT_9,16500
1986,714,575,21/6/1986,4:00 pm,Quarter-finals,MEX_3,COL_5,AUS_2,NIR_3,41700
1986,714,440,21/6/1986,12:00 pm,Quarter-finals,MEX_12,ROU_4,HUN_7,TCH_5,65000
1986,714,421,22/6/1986,4:00 pm,Quarter-finals,MEX_11,GER_11,MEX_11,AUT_9,45000
1986,714,392,22/6/1986,12:00 pm,Quarter-finals,MEX_9,TUN_2,CRC_2,BUL_2,114580
1986,3469,388,25/6/1986,4:00 pm,Semi-finals,MEX_9,MEX_10,GUA_1,POR_5,114500
1986,3469,564,25/6/1986,12:00 pm,Semi-finals,MEX_12,ITA_21,SRB_1,HUN_7,45000
1986,3468,422,28/6/1986,12:00 pm,Match for third place,MEX_11,ENG_14,CHI_13,SYR_2,21000
1986,3467,393,29/6/1986,12:00 pm,Final,MEX_9,BRA_9,SWE_9,CRC_2,114600
1986,308,379,3/6/1986,12:00 pm,Group D,MEX_8,RUS_1,SUI_19,SRB_1,22000
1986,308,428,3/6/1986,12:00 pm,Group B,MEX_9,ARG_9,POR_5,GUA_1,110000
1986,308,538,3/6/1986,4:00 pm,Group F,MEX_2,GER_10,BUL_2,SYR_2,23000
1986,308,585,4/6/1986,12:00 pm,Group E,MEX_10,TCH_5,CHI_13,POR_5,30500
1986,308,517,4/6/1986,4:00 pm,Group E,MEX_1,HUN_7,GER_11,KSA_1,18000
1986,308,628,4/6/1986,12:00 pm,Group B,MEX_4,MRI_1,CRC_2,USA_4,24000
1986,308,460,5/6/1986,4:00 pm,Group A,MEX_14,KSA_1,ROU_4,RUS_1,45000
1986,308,571,5/6/1986,12:00 pm,Group C,MEX_13,BRA_9,ESP_10,JPN_2,36540
1986,308,394,5/6/1986,12:00 pm,Group A,MEX_11,NED_8,MEX_10,NIR_3,32000
1986,308,533,6/6/1986,4:00 pm,Group F,MEX_2,PAR_4,ARG_9,GER_11,20200
1986,308,475,6/6/1986,12:00 pm,Group C,MEX_6,SYR_2,SRB_1,AUS_2,13800
1986,308,377,6/6/1986,12:00 pm,Group D,MEX_12,GUA_1,URU_11,FRA_23,48000
1986,308,701,7/6/1986,4:00 pm,Group F,MEX_3,TUN_2,MRI_1,JPN_2,19915
1986,308,680,7/6/1986,12:00 pm,Group B,MEX_9,ENG_14,SWE_9,ROU_4,114600
1986,308,551,7/6/1986,12:00 pm,Group D,MEX_8,AUT_9,ITA_21,HUN_7,28000
1986,308,522,8/6/1986,4:00 pm,Group E,MEX_1,MEX_10,NED_8,BRA_9,26500
1986,308,580,8/6/1986,12:00 pm,Group E,MEX_10,ROU_4,BUL_2,NIR_3,30000
1986,308,427,8/6/1986,12:00 pm,Group B,MEX_4,COL_5,TCH_5,ESP_10,20000
1986,308,476,9/6/1986,12:00 pm,Group C,MEX_6,MLI_1,KSA_1,PAR_4,14200
1986,308,567,9/6/1986,12:00 pm,Group C,MEX_13,POR_5,BEL_9,SUI_19,31420
1990,322,75,10/6/1990,9:00 pm,Group C,ITA_8,ITA_26,FRA_22,TUN_3,62628
1990,322,355,10/6/1990,5:00 pm,Group A,ITA_5,SUI_20,BEL_10,GER_12,33266
1990,322,201,10/6/1990,9:00 pm,Group D,ITA_17,DEN_4,BHR_2,POL_2,74765
1990,322,161,11/6/1990,9:00 pm,Group F,ITA_7,GER_12,SWE_9,SUI_20,35238
1990,322,127,11/6/1990,5:00 pm,Group C,ITA_10,ARG_10,PAR_5,ECU_1,30867
1990,322,57,12/6/1990,5:00 pm,Group E,ITA_4,USA_5,NIR_3,ENG_14,32790
1990,322,151,12/6/1990,9:00 pm,Group F,ITA_2,ESP_11,MEX_11,URU_10,33288
1990,322,30,13/6/1990,9:00 pm,Group B,ITA_18,SWE_9,BRA_10,SYR_2,55759
1990,322,180,13/6/1990,5:00 pm,Group E,ITA_1,AUT_10,RUS_2,GER_11,35713
1990,322,120,14/6/1990,5:00 pm,Group D,ITA_19,ITA_21,TUN_3,GAB_1,32257
1990,322,265,14/6/1990,9:00 pm,Group A,ITA_6,MEX_11,URU_10,CRC_2,73423
1990,322,108,14/6/1990,5:00 pm,Group B,ITA_20,CHI_13,POR_5,COL_6,38687
1990,322,198,15/6/1990,9:00 pm,Group D,ITA_17,RUS_2,JPN_2,ITA_29,71169
1990,322,43,15/6/1990,5:00 pm,Group A,ITA_5,SCO_10,AUS_3,SYR_2,38962
1990,322,73,16/6/1990,5:00 pm,Group C,ITA_8,TUN_3,GAB_1,BHR_2,58007
1990,322,348,16/6/1990,9:00 pm,Group C,ITA_10,PAR_5,USA_5,POL_2,31823
1990,322,160,16/6/1990,9:00 pm,Group F,ITA_7,SRB_1,ALG_2,MEX_11,35267
1990,322,66,17/6/1990,9:00 pm,Group E,ITA_4,GER_11,DEN_4,RUS_2,33759
1990,322,175,17/6/1990,9:00 pm,Group E,ITA_1,ECU_1,ITA_23,ARG_10,32733
1990,322,152,17/6/1990,5:00 pm,Group F,ITA_2,BEL_10,FRA_23,ITA_22,33288
1990,322,29,18/6/1990,9:00 pm,Group B,ITA_18,POR_5,CRC_2,ITA_24,52733
1990,322,111,18/6/1990,9:00 pm,Group B,ITA_20,BRA_10,ITA_25,SUI_20,37307
1990,322,364,19/6/1990,5:00 pm,Group D,ITA_19,JPN_2,DEN_4,FRA_22,27833
1990,322,114,19/6/1990,5:00 pm,Group D,ITA_17,NIR_3,BHR_2,ITA_26,72510
1990,322,263,19/6/1990,9:00 pm,Group A,ITA_6,FRA_23,BEL_10,SCO_10,73303
1990,322,48,19/6/1990,9:00 pm,Group A,ITA_5,SYR_2,AUS_3,SRB_1,34857
1990,322,128,20/6/1990,9:00 pm,Group C,ITA_10,SRB_1,NIR_3,ENG_14,30223
1990,322,74,20/6/1990,9:00 pm,Group C,ITA_8,AUT_10,POL_2,GER_11,62502
1990,322,228,21/6/1990,9:00 pm,Group F,ITA_2,FRA_22,AUS_3,ALG_2,33288
1990,322,56,21/6/1990,5:00 pm,Group E,ITA_4,ARG_10,PAR_5,USA_5,35950
1990,322,150,21/6/1990,9:00 pm,Group F,ITA_7,SUI_20,CRC_2,MEX_11,34959
1990,322,290,21/6/1990,5:00 pm,Group E,ITA_14,ITA_26,GAB_1,TUN_3,29039
1990,323,129,23/6/1990,9:00 pm,Round of 16,ITA_20,GER_11,COL_6,ITA_25,47673
1990,323,102,23/6/1990,5:00 pm,Round of 16,ITA_18,ITA_26,SYR_2,CRC_2,50026
1990,323,196,24/6/1990,9:00 pm,Round of 16,ITA_17,ARG_10,ECU_1,USA_5,74559
1990,323,25,24/6/1990,5:00 pm,Round of 16,ITA_8,FRA_23,RUS_2,ITA_29,61381
1990,323,248,25/6/1990,5:00 pm,Round of 16,ITA_10,BRA_10,PAR_5,BHR_2,31818
1990,323,264,25/6/1990,9:00 pm,Round of 16,ITA_6,ENG_14,SUI_20,SRB_1,73303
1990,323,55,26/6/1990,9:00 pm,Round of 16,ITA_19,DEN_4,AUT_10,JPN_2,34520
1990,323,181,26/6/1990,5:00 pm,Round of 16,ITA_4,GER_12,NIR_3,POL_2,35500
1990,751,31,30/6/1990,5:00 pm,Quarter-finals,ITA_5,SUI_20,TUN_3,ALG_2,38971
1990,751,243,30/6/1990,9:00 pm,Quarter-finals,ITA_6,POR_5,COL_6,CRC_2,73303
1990,322,26,8/6/1990,6:00 pm,Group B,ITA_17,FRA_22,USA_5,POL_2,73780
1990,322,119,9/6/1990,5:00 pm,Group D,ITA_19,ENG_14,JPN_2,NIR_3,30791
1990,322,42,9/6/1990,9:00 pm,Group A,ITA_6,BRA_10,COL_6,POR_5,73303
1990,322,342,9/6/1990,5:00 pm,Group B,ITA_20,URU_10,ESP_11,CHI_13,42907
1990,751,197,1/7/1990,5:00 pm,Quarter-finals,ITA_17,AUT_10,DEN_4,POL_2,73347
1990,751,103,1/7/1990,9:00 pm,Quarter-finals,ITA_18,MEX_11,USA_5,BHR_2,55205
1990,3464,28,3/7/1990,8:00 pm,Semi-finals,ITA_18,FRA_22,POL_2,DEN_4,59978
1990,3464,159,4/7/1990,8:00 pm,Semi-finals,ITA_8,BRA_10,FRA_23,COL_6,62628
1990,3463,162,7/7/1990,8:00 pm,Match for third place,ITA_20,FRA_23,ALG_2,SUI_20,51426
1990,3462,27,8/7/1990,8:00 pm,Final,ITA_6,MEX_11,COL_6,POL_2,73603
1994,337,3049,17/6/1994,3:00 pm,Group C,USA_4,MEX_12,AUS_4,AUS_5,63117
1994,337,3050,17/6/1994,7:30 pm,Group C,USA_3,DEN_4,DEN_5,ENG_16,56247
1994,337,3053,18/6/1994,7:30 pm,Group A,USA_8,SYR_2,BAH_1,TRI_1,91856
1994,337,3051,18/6/1994,11:30 am,Group A,USA_1,ARG_11,ARG_12,PAR_6,73425
1994,337,3052,18/6/1994,4:00 pm,Group E,USA_2,NED_9,NED_10,KOR_1,75338
1994,337,3054,19/6/1994,12:30 pm,Group F,USA_9,COL_7,HON_1,FIN_2,61219
1994,337,3056,19/6/1994,7:30 pm,Group B,USA_8,PER_4,TRI_1,BAH_1,93194
1994,337,3055,19/6/1994,4:00 pm,Group E,USA_7,HUN_8,HUN_9,RUS_6,52395
1994,337,3058,20/6/1994,7:30 pm,Group F,USA_7,ESP_12,RUS_6,HUN_9,50535
1994,337,3057,20/6/1994,4:00 pm,Group B,USA_5,MRI_2,MAR_1,ITA_27,81061
1994,337,3061,21/6/1994,7:30 pm,Group D,USA_3,CRC_3,AUS_5,AUS_4,44132
1994,337,3059,21/6/1994,12:30 pm,Group D,USA_6,USA_6,KOR_1,NED_10,54456
1994,337,3060,21/6/1994,4:00 pm,Group C,USA_4,URU_12,PAR_6,ARG_12,63113
1994,337,3062,22/6/1994,4:00 pm,Group A,USA_1,TUN_3,EGY_4,IRN_2,61428
1994,337,3063,22/6/1994,7:30 pm,Group A,USA_8,ITA_28,ITA_27,MAR_1,93869
1994,337,3065,23/6/1994,7:30 pm,Group C,USA_6,SCO_11,BEL_11,SWE_10,54453
1994,337,3064,23/6/1994,4:00 pm,Group E,USA_2,GER_13,FIN_2,ENG_16,74624
1994,337,3067,24/6/1994,4:00 pm,Group B,USA_5,MEX_12,TRI_1,DEN_5,83401
1994,337,3066,24/6/1994,12:30 pm,Group E,USA_9,SUI_20,POL_2,BRA_11,60790
1994,337,3068,24/6/1994,7:30 pm,Group B,USA_1,FRA_23,IRN_2,EGY_4,71528
1994,337,3070,25/6/1994,12:30 pm,Group F,USA_2,ENG_15,ENG_16,FIN_2,76322
1994,337,3071,25/6/1994,4:00 pm,Group D,USA_6,SWE_11,SWE_10,BEL_11,54453
1994,337,3069,25/6/1994,12:30 pm,Group F,USA_9,BRA_12,BRA_11,POL_2,62387
1994,337,3073,26/6/1994,4:00 pm,Group A,USA_8,NED_9,NED_10,AUS_5,93869
1994,337,3074,26/6/1994,4:00 pm,Group A,USA_5,DEN_4,DEN_5,TRI_1,83401
1994,337,3072,26/6/1994,12:30 pm,Group D,USA_4,UAE_1,BAH_1,HON_1,63160
1994,337,3075,27/6/1994,4:00 pm,Group C,USA_4,CRC_3,HON_1,BAH_1,63089
1994,337,3076,27/6/1994,4:00 pm,Group C,USA_3,FRA_23,RUS_6,EGY_4,63998
1994,337,3079,28/6/1994,4:00 pm,Group B,USA_5,SYR_2,AUS_5,NED_10,74914
1994,337,3078,28/6/1994,12:30 pm,Group E,USA_7,ARG_11,ARG_12,AUS_4,52535
1994,337,3077,28/6/1994,12:30 pm,Group E,USA_2,COL_7,BRA_11,KOR_1,72404
1994,337,3080,28/6/1994,4:00 pm,Group B,USA_1,HUN_8,HUN_9,BEL_11,77217
1994,337,3082,29/6/1994,12:30 pm,Group F,USA_7,GER_13,AUS_4,ARG_12,52959
1994,337,3081,29/6/1994,12:30 pm,Group F,USA_9,PER_4,PAR_6,SWE_10,60578
1994,337,3084,30/6/1994,7:30 pm,Group D,USA_3,TUN_3,FIN_2,MAR_1,63998
1994,337,3083,30/6/1994,7:30 pm,Group D,USA_6,SCO_11,KOR_1,BRA_11,53001
1994,796,3095,10/7/1994,12:30 pm,Quarter-finals,USA_5,ENG_15,ENG_16,KOR_1,83500
1994,796,3096,10/7/1994,12:00 pm,Quarter-finals,USA_2,COL_7,PAR_6,HUN_9,72000
1994,3461,3099,13/7/1994,4:30 pm,Semi-finals,USA_8,COL_7,HUN_9,BEL_11,91856
1994,3461,3100,13/7/1994,4:00 pm,Semi-finals,USA_2,FRA_23,DEN_5,ENG_16,74110
1994,3460,3103,16/7/1994,12:30 pm,Match for third place,USA_8,UAE_1,MAR_1,ARG_12,91500
1994,3459,3104,17/7/1994,12:30 pm,Final,USA_8,HUN_8,PAR_6,IRN_2,94194
1994,338,3086,2/7/1994,4:30 pm,Round of 16,USA_7,NED_9,NED_10,HUN_9,53121
1994,338,3085,2/7/1994,12:00 pm,Round of 16,USA_4,SUI_20,POL_2,DEN_5,60246
1994,338,3087,3/7/1994,12:00 pm,Round of 16,USA_3,BRA_12,BRA_11,HON_1,60277
1994,338,3088,3/7/1994,1:30 pm,Round of 16,USA_8,ITA_29,ITA_27,BEL_11,90469
1994,338,3089,4/7/1994,12:00 pm,Round of 16,USA_9,DEN_4,AUS_5,AUS_4,61355
1994,338,3090,4/7/1994,12:30 pm,Round of 16,USA_5,FRA_23,KOR_1,SWE_10,84147
1994,338,3092,5/7/1994,4:30 pm,Round of 16,USA_2,SYR_2,IRN_2,BAH_1,71030
1994,338,3091,5/7/1994,1:00 pm,Round of 16,USA_6,MEX_12,ARG_12,PAR_6,54367
1994,796,3098,9/7/1994,2:30 pm,Quarter-finals,USA_3,CRC_3,BAH_1,IRN_2,63500
1994,796,3097,9/7/1994,12:00 pm,Quarter-finals,USA_6,HUN_8,AUS_5,BEL_11,53400
1998,1014,8725,10/6/1998,9:00 pm,Group A,FRA_1,THA_1,MAS_1,SRI_1,29800
1998,1014,4000,10/6/1998,5:30 pm,Group A,FRA_2,ESP_14,ESP_13,COL_9,80000
1998,1014,8727,11/6/1998,9:00 pm,Group B,FRA_9,PAR_8,PAR_7,HON_2,33500
1998,1014,8726,11/6/1998,5:30 pm,Group B,FRA_13,NIG_1,MLI_2,TUN_4,31800
1998,1014,8730,12/6/1998,9:00 pm,Group C,FRA_17,BRA_14,BRA_13,TRI_3,55000
1998,1014,8728,12/6/1998,2:30 pm,Group D,FRA_1,KSA_2,RSA_1,KUW_1,29800
1998,1014,8729,12/6/1998,5:30 pm,Group C,FRA_4,ARG_13,ARG_14,CHI_15,38100
1998,1014,8733,13/6/1998,9:00 pm,Group E,FRA_2,ITA_30,ITA_31,MLT_1,77000
1998,1014,8731,13/6/1998,2:30 pm,Group D,FRA_7,USA_7,CRC_4,BLR_1,35500
1998,1014,8732,13/6/1998,5:30 pm,Group E,FRA_6,AUT_11,VAN_1,GER_14,39100
1998,1014,8736,14/6/1998,9:00 pm,Group H,FRA_4,POR_6,ROU_5,FRA_25,38100
1998,1014,8734,14/6/1998,2:30 pm,Group H,FRA_9,NED_9,BEL_12,IRL_1,33500
1998,1014,8735,14/6/1998,5:30 pm,Group F,FRA_5,PER_4,JAM_1,POL_3,30600
1998,1014,8738,15/6/1998,9:00 pm,Group F,FRA_16,MAR_2,TUN_4,SWE_12,45500
1998,1014,8739,15/6/1998,5:30 pm,Group G,FRA_6,MRI_2,OMA_1,MAS_1,39100
1998,1014,8740,15/6/1998,2:30 pm,Group G,FRA_17,JPN_3,KOR_2,MLI_2,55000
1998,1014,8742,16/6/1998,9:00 pm,Group A,FRA_7,RUS_3,BLR_1,ENG_18,35500
1998,1014,8741,16/6/1998,5:30 pm,Group A,FRA_13,HUN_10,CZE_1,SUI_22,31800
1998,1014,8744,17/6/1998,9:00 pm,Group B,FRA_1,AUS_6,VAN_1,ARG_14,29800
1998,1014,8743,17/6/1998,5:30 pm,Group B,FRA_5,EGY_5,KUW_1,ESP_13,30600
1998,1014,8746,18/6/1998,5:30 pm,Group C,FRA_9,COL_8,COL_9,PAR_7,33500
1998,1014,8745,18/6/1998,9:00 pm,Group C,FRA_2,MEX_12,HON_2,CRC_4,80000
1998,1014,8747,19/6/1998,5:30 pm,Group D,FRA_16,CHI_14,CHI_15,BRA_13,45500
1998,1014,8748,19/6/1998,9:00 pm,Group D,FRA_5,RSA_3,RSA_2,JAM_1,30600
1998,1014,8751,20/6/1998,2:30 pm,Group H,FRA_7,TRI_2,TRI_3,RSA_1,35500
1998,1014,8750,20/6/1998,5:30 pm,Group E,FRA_13,SCO_12,IRL_1,OMA_1,31800
1998,1014,8749,20/6/1998,9:00 pm,Group E,FRA_17,POL_4,POL_3,BLR_1,55000
1998,1014,8753,21/6/1998,2:30 pm,Group F,FRA_4,DEN_6,MLT_1,BEL_12,38100
1998,1014,8752,21/6/1998,5:30 pm,Group H,FRA_16,NOR_3,SWE_12,ITA_31,45500
1998,1014,8754,21/6/1998,9:00 pm,Group F,FRA_6,SUI_21,SUI_22,ROU_5,39100
1998,1014,8756,22/6/1998,9:00 pm,Group G,FRA_9,FRA_24,FRA_25,RSA_2,33500
1998,1014,8755,22/6/1998,5:30 pm,Group G,FRA_1,GER_15,GER_14,CZE_1,29800
1998,1014,8757,23/6/1998,4:00 pm,Group B,FRA_2,ENG_17,ENG_18,KOR_2,80000
1998,1014,8758,23/6/1998,9:00 pm,Group A,FRA_5,UAE_1,CRC_4,VAN_1,30600
1998,1014,8760,23/6/1998,4:00 pm,Group B,FRA_7,HUN_10,SRI_1,MAS_1,35500
1998,1014,8759,23/6/1998,9:00 pm,Group A,FRA_17,USA_7,ITA_31,MLI_2,55000
1998,1014,8761,24/6/1998,9:00 pm,Group D,FRA_4,NED_9,ROU_5,ARG_14,38100
1998,1014,8762,24/6/1998,4:00 pm,Group C,FRA_6,ITA_30,BEL_12,MLT_1,39100
1998,1014,8763,24/6/1998,9:00 pm,Group D,FRA_9,THA_1,OMA_1,SWE_12,33500
1998,1014,8764,24/6/1998,4:00 pm,Group C,FRA_13,CHI_14,JAM_1,IRL_1,31800
1998,1014,8766,25/6/1998,4:00 pm,Group E,FRA_5,KSA_2,ESP_13,KUW_1,30600
1998,1014,8768,25/6/1998,9:00 pm,Group F,FRA_7,EGY_5,RSA_1,ENG_18,35500
1998,1014,8765,25/6/1998,4:00 pm,Group E,FRA_16,BRA_14,BRA_13,COL_9,45500
1998,1014,8767,25/6/1998,9:00 pm,Group F,FRA_1,PAR_8,PAR_7,CHI_15,29800
1998,1014,8769,26/6/1998,9:00 pm,Group G,FRA_2,AUS_6,POL_3,BLR_1,77000
1998,1014,8772,26/6/1998,4:00 pm,Group H,FRA_13,MAR_2,RSA_2,TUN_4,31800
1998,1014,8770,26/6/1998,9:00 pm,Group G,FRA_4,MEX_12,SUI_22,HON_2,38100
1998,1014,8771,26/6/1998,4:00 pm,Group H,FRA_6,AUT_11,CZE_1,MLI_2,39100
1998,1024,8774,27/6/1998,4:30 pm,Round of 16,FRA_17,GER_15,GER_14,BEL_12,55000
1998,1024,8773,27/6/1998,9:00 pm,Round of 16,FRA_16,FRA_24,FRA_25,JAM_1,45500
1998,1024,8775,28/6/1998,9:00 pm,Round of 16,FRA_2,SUI_21,KUW_1,ESP_13,77000
1998,1024,8776,28/6/1998,4:30 pm,Round of 16,FRA_4,UAE_1,SRI_1,VAN_1,31800
1998,1024,8778,29/6/1998,9:00 pm,Round of 16,FRA_9,ESP_14,SUI_22,ROU_5,33500
1998,1024,8777,29/6/1998,4:30 pm,Round of 16,FRA_1,POR_6,TUN_4,RSA_1,29800
1998,1024,8780,30/6/1998,4:30 pm,Round of 16,FRA_13,ARG_13,ARG_14,BRA_13,31800
1998,1024,8779,30/6/1998,9:00 pm,Round of 16,FRA_5,DEN_6,MAS_1,OMA_1,30600
1998,1028,8787,11/7/1998,9:00 pm,Match for third place,FRA_16,PAR_8,MLT_1,VAN_1,45500
1998,1027,8788,12/7/1998,9:00 pm,Final,FRA_2,MAR_2,ENG_18,RSA_1,80000
1998,1025,8782,3/7/1998,9:00 pm,Quarter-finals,FRA_7,EGY_5,TUN_4,MLI_2,35500
1998,1025,8781,3/7/1998,4:30 pm,Quarter-finals,FRA_2,SCO_12,ENG_18,ROU_5,77000
1998,1025,8783,4/7/1998,9:00 pm,Quarter-finals,FRA_6,NOR_3,SWE_12,BEL_12,39100
1998,1025,8784,4/7/1998,4:30 pm,Quarter-finals,FRA_17,MEX_12,JAM_1,HON_2,55000
1998,1026,8785,7/7/1998,9:00 pm,Semi-finals,FRA_17,UAE_1,KUW_1,OMA_1,54000
1998,1026,8786,8/7/1998,9:00 pm,Semi-finals,FRA_2,ESP_14,ESP_13,CHI_15,76000
2002,43950100,43950001,31/5/2002,8:30 pm,Group A,KOR_4,UAE_1,KSA_3,ARG_15,62561
2002,43950100,43950002,1/6/2002,3:30 pm,Group E,JPN_4,JPN_4,MAS_2,BEL_13,33679
2002,43950100,43950003,1/6/2002,6:00 pm,Group A,KOR_3,KUW_2,JOR_1,MLI_2,30157
2002,43950100,43950004,1/6/2002,8:30 pm,Group E,JPN_6,PAR_10,PAR_9,TRI_4,32218
2002,43950100,43950030,10/6/2002,3:30 pm,Group D,KOR_7,SUI_21,AUT_12,UGA_1,60778
2002,43950100,43950032,10/6/2002,8:30 pm,Group D,KOR_6,SCO_12,SVK_2,EGY_6,31000
2002,43950100,43950031,10/6/2002,6:00 pm,Group H,JPN_7,AUS_7,NZL_1,IND_1,39700
2002,43950100,43950034,11/6/2002,3:30 pm,Group A,JPN_2,NED_12,NED_11,HUN_11,33681
2002,43950100,43950035,11/6/2002,8:30 pm,Group E,JPN_9,ESP_15,MDV_1,BRA_16,47085
2002,43950100,43950033,11/6/2002,3:30 pm,Group A,KOR_9,POR_6,POR_7,VAN_2,48100
2002,43950100,43950036,11/6/2002,8:30 pm,Group E,JPN_11,SEN_3,POL_5,FRA_27,65320
2002,43950100,43950038,12/6/2002,3:30 pm,Group F,JPN_10,USA_8,CAN_3,CZE_1,44864
2002,43950100,43950040,12/6/2002,8:30 pm,Group B,KOR_8,MEX_13,SWE_13,SIN_2,30176
2002,43950100,43950037,12/6/2002,3:30 pm,Group F,JPN_8,UAE_1,GER_17,TRI_4,45777
2002,43950100,43950039,12/6/2002,8:30 pm,Group B,KOR_5,KUW_2,ARG_15,JOR_1,31024
2002,43950100,43950042,13/6/2002,3:30 pm,Group C,KOR_4,COL_10,UGA_1,ATG_1,43605
2002,43950100,43950041,13/6/2002,3:30 pm,Group C,JPN_2,EGY_5,EGY_6,AUT_12,38524
2002,43950100,43950043,13/6/2002,8:30 pm,Group G,JPN_7,BRA_15,BRA_16,MAS_2,39291
2002,43950100,43950044,13/6/2002,8:30 pm,Group G,JPN_11,CRC_5,PAR_9,BEL_13,65862
2002,43950100,43950048,14/6/2002,8:30 pm,Group D,KOR_5,CHN_2,ECU_3,NED_11,26482
2002,43950100,43950046,14/6/2002,3:30 pm,Group H,JPN_9,DEN_6,ENG_20,IND_1,46640
2002,43950100,43950047,14/6/2002,8:30 pm,Group D,KOR_9,ARG_16,KSA_3,HUN_11,50239
2002,43950100,43950045,14/6/2002,3:30 pm,Group H,JPN_10,FRA_26,FRA_27,LIB_1,45213
2002,43950200,43950049,15/6/2002,3:30 pm,Round of 16,KOR_8,GUA_2,ATG_1,MLI_2,25176
2002,43950200,43950050,15/6/2002,8:30 pm,Round of 16,JPN_4,GER_16,GER_17,CZE_1,40582
2002,43950200,43950052,16/6/2002,8:30 pm,Round of 16,JPN_2,SWE_14,SWE_13,SVK_2,38926
2002,43950200,43950051,16/6/2002,3:30 pm,Round of 16,JPN_7,PAR_10,PAR_9,CAN_3,39747
2002,43950200,43950053,17/6/2002,3:30 pm,Round of 16,KOR_6,POR_6,POR_7,AUT_12,36380
2002,43950200,43950054,17/6/2002,8:30 pm,Round of 16,JPN_3,JAM_2,BLR_1,MDV_1,40440
2002,43950200,43950055,18/6/2002,3:30 pm,Round of 16,JPN_8,ITA_30,POL_5,NZL_1,45666
2002,43950200,43950056,18/6/2002,8:30 pm,Round of 16,KOR_5,ECU_2,ARG_15,HUN_11,38588
2002,43950100,43950008,2/6/2002,8:30 pm,Group B,KOR_2,MAR_3,UGA_1,AUT_12,28598
2002,43950100,43950005,2/6/2002,6:30 pm,Group F,JPN_1,BRA_15,BRA_16,BLR_1,52721
2002,43950100,43950006,2/6/2002,4:30 pm,Group B,KOR_1,SVK_1,SVK_2,ATG_1,25186
2002,43950100,43950007,2/6/2002,2:30 pm,Group F,JPN_5,FRA_26,FRA_27,GER_17,34050
2002,43950300,43950057,21/6/2002,3:30 pm,Quarter-finals,JPN_9,MEX_13,CAN_3,MDV_1,47436
2002,43950300,43950058,21/6/2002,8:30 pm,Quarter-finals,KOR_3,SCO_12,ENG_20,KSA_3,37337
2002,43950300,43950059,22/6/2002,3:30 pm,Quarter-finals,KOR_2,EGY_5,UGA_1,TRI_4,42114
2002,43950300,43950060,22/6/2002,8:30 pm,Quarter-finals,JPN_10,COL_10,ARG_15,PAR_9,44233
2002,43950400,43950061,25/6/2002,8:30 pm,Semi-finals,KOR_4,SUI_21,FRA_27,CZE_1,65256
2002,43950400,43950062,26/6/2002,8:30 pm,Semi-finals,JPN_1,DEN_6,POL_5,SVK_2,61058
2002,43950500,43950063,29/6/2002,8:00 pm,Third place,KOR_7,KUW_2,KSA_3,CAN_3,63483
2002,43950100,43950009,3/6/2002,3:30 pm,Group G,JPN_4,CHN_1,IND_1,TUN_6,32239
2002,43950100,43950011,3/6/2002,8:30 pm,Group G,JPN_6,USA_8,CAN_3,ENG_20,31081
2002,43950100,43950010,3/6/2002,6:00 pm,Group C,KOR_3,KOR_3,SIN_2,SLV_1,33842
2002,43950600,43950064,30/6/2002,8:00 pm,Final,JPN_11,ITA_30,SWE_13,ENG_20,69029
2002,43950100,43950012,4/6/2002,3:30 pm,Group C,KOR_2,GRE_1,POR_7,NED_11,27217
2002,43950100,43950013,4/6/2002,6:00 pm,Group H,JPN_1,CRC_5,LIB_1,BLR_1,55256
2002,43950100,43950014,4/6/2002,8:30 pm,Group D,KOR_1,COL_10,VAN_2,SWE_13,48760
2002,43950100,43950015,5/6/2002,3:30 pm,Group H,JPN_3,JAM_2,TRI_4,NZL_1,30957
2002,43950100,43950016,5/6/2002,6:00 pm,Group D,JPN_2,ECU_2,ECU_3,JOR_1,37306
2002,43950100,43950017,5/6/2002,8:30 pm,Group E,JPN_5,DEN_6,DEN_7,CZE_1,35854
2002,43950100,43950019,6/6/2002,6:00 pm,Group E,JPN_1,NOR_4,BEL_13,POL_5,52328
2002,43950100,43950020,6/6/2002,3:30 pm,Group A,KOR_7,GUA_2,HUN_11,SIN_2,43500
2002,43950100,43950018,6/6/2002,8:30 pm,Group A,KOR_1,MEX_13,SLV_1,ATG_1,38289
2002,43950100,43950023,7/6/2002,8:30 pm,Group F,JPN_6,ITA_30,CAN_3,MDV_1,35927
2002,43950100,43950022,7/6/2002,6:00 pm,Group B,KOR_6,EGY_5,EGY_6,ZIM_1,24000
2002,43950100,43950021,7/6/2002,3:30 pm,Group F,JPN_3,BOL_4,PAR_9,MAS_2,36194
2002,43950100,43950025,8/6/2002,6:00 pm,Group G,JPN_5,ENG_19,ENG_20,DEN_7,36472
2002,43950100,43950026,8/6/2002,8:30 pm,Group C,KOR_8,SWE_14,SWE_13,ECU_3,36750
2002,43950100,43950024,8/6/2002,3:30 pm,Group B,KOR_7,ARG_16,ARG_15,KSA_3,47226
2002,43950100,43950029,9/6/2002,8:30 pm,Group H,JPN_11,GER_16,GER_17,CZE_1,66108
2002,43950100,43950027,9/6/2002,3:30 pm,Group G,JPN_8,TUN_5,TUN_6,LIB_1,45610
2002,43950100,43950028,9/6/2002,6:00 pm,Group C,KOR_9,BEN_1,MLI_2,ZIM_1,42299
2006,97410100,97410005,10/6/2006,9:00 pm,Group C,GER_1,BEL_14,BEL_15,BEL_16,49480
2006,97410100,97410003,10/6/2006,3:00 pm,Group B,GER_16,MEX_15,MEX_16,CRC_6,48000
2006,97410100,97410004,10/6/2006,6:00 pm,Group B,GER_4,SIN_3,THA_2,UAE_2,62959
2006,97410100,97410008,11/6/2006,9:00 pm,Group D,GER_8,URU_14,URU_13,URU_15,45000
2006,97410100,97410006,11/6/2006,3:00 pm,Group C,GER_2,GER_16,GER_18,GER_19,43000
2006,97410100,97410007,11/6/2006,6:00 pm,Group D,GER_5,ITA_32,ITA_33,ITA_34,41000
2006,97410100,97410012,12/6/2006,3:00 pm,Group F,GER_9,EGY_7,MLI_2,SEN_4,46000
2006,97410100,97410010,12/6/2006,6:00 pm,Group E,GER_13,PAR_13,PAR_11,PAR_12,52000
2006,97410100,97410009,12/6/2006,9:00 pm,Group E,GER_6,BRA_15,BRA_17,BRA_18,43000
2006,97410100,97410013,13/6/2006,6:00 pm,Group G,GER_7,RUS_6,RUS_4,RUS_5,52000
2006,97410100,97410011,13/6/2006,9:00 pm,Group F,GER_18,MEX_17,MEX_14,CAN_3,72000
2006,97410100,97410014,13/6/2006,3:00 pm,Group G,GER_16,ENG_19,ENG_20,ENG_21,48000
2006,97410100,97410016,14/6/2006,6:00 pm,Group H,GER_10,AUS_7,AUS_9,AUS_8,66000
2006,97410100,97410017,14/6/2006,9:00 pm,Group A,GER_4,ESP_17,ESP_16,ESP_18,65000
2006,97410100,97410015,14/6/2006,3:00 pm,Group H,GER_2,SUI_24,SUI_23,SUI_25,43000
2006,97410100,97410019,15/6/2006,6:00 pm,Group B,GER_5,JPN_4,JPN_5,KOR_4,41000
2006,97410100,97410020,15/6/2006,9:00 pm,Group B,GER_18,SVK_1,SVK_4,SVK_3,72000
2006,97410100,97410018,15/6/2006,3:00 pm,Group A,GER_1,BEN_1,RWA_1,BEN_2,50000
2006,97410100,97410023,16/6/2006,9:00 pm,Group D,GER_6,SIN_3,THA_2,UAE_2,43000
2006,97410100,97410022,16/6/2006,6:00 pm,Group C,GER_7,COL_10,ECU_4,COL_11,52000
2006,97410100,97410021,16/6/2006,3:00 pm,Group C,GER_13,ITA_32,ITA_33,ITA_34,52000
2006,97410100,97410025,17/6/2006,9:00 pm,Group E,GER_9,URU_14,URU_13,URU_15,46000
2006,97410100,97410026,17/6/2006,6:00 pm,Group E,GER_8,ARG_18,ARG_17,ARG_19,45000
2006,97410100,97410024,17/6/2006,3:00 pm,Group D,GER_16,FRA_30,FRA_28,FRA_29,48000
2006,97410100,97410028,18/6/2006,3:00 pm,Group F,GER_5,BEL_14,BEL_15,BEL_16,41000
2006,97410100,97410027,18/6/2006,6:00 pm,Group F,GER_10,GER_16,GER_18,GER_19,66000
2006,97410100,97410029,18/6/2006,9:00 pm,Group G,GER_2,MEX_17,MEX_14,CAN_3,43000
2006,97410100,97410030,19/6/2006,3:00 pm,Group G,GER_4,PAR_13,PAR_11,PAR_12,65000
2006,97410100,97410032,19/6/2006,6:00 pm,Group H,GER_1,ENG_19,ENG_20,ENG_21,50000
2006,97410100,97410031,19/6/2006,9:00 pm,Group H,GER_7,BRA_15,BRA_17,BRA_18,52000
2006,97410100,97410034,20/6/2006,4:00 pm,Group A,GER_6,SIN_3,THA_2,UAE_2,43000
2006,97410100,97410035,20/6/2006,9:00 pm,Group B,GER_8,SUI_24,SUI_23,SUI_25,45000
2006,97410100,97410036,20/6/2006,9:00 pm,Group B,GER_9,ITA_32,ITA_33,ITA_34,46000
2006,97410100,97410033,20/6/2006,4:00 pm,Group A,GER_18,RUS_6,RUS_4,RUS_5,72000
2006,97410100,97410040,21/6/2006,4:00 pm,Group D,GER_2,AUS_7,AUS_9,AUS_8,38000
2006,97410100,97410039,21/6/2006,4:00 pm,Group D,GER_13,SVK_1,SVK_4,SVK_3,52000
2006,97410100,97410038,21/6/2006,9:00 pm,Group C,GER_10,MEX_15,MEX_16,CRC_6,66000
2006,97410100,97410037,21/6/2006,9:00 pm,Group C,GER_16,ESP_17,ESP_16,ESP_18,48000
2006,97410100,97410042,22/6/2006,4:00 pm,Group E,GER_5,GER_16,GER_18,GER_19,41000
2006,97410100,97410043,22/6/2006,9:00 pm,Group F,GER_4,FRA_30,FRA_28,FRA_29,65000
2006,97410100,97410044,22/6/2006,9:00 pm,Group F,GER_7,ENG_19,ENG_20,ENG_21,52000
2006,97410100,97410041,22/6/2006,4:00 pm,Group E,GER_1,MEX_17,MEX_14,CAN_3,50000
2006,97410100,97410047,23/6/2006,4:00 pm,Group H,GER_9,BEN_1,RWA_1,BEN_2,46000
2006,97410100,97410045,23/6/2006,9:00 pm,Group G,GER_8,URU_14,URU_13,URU_15,45000
2006,97410100,97410046,23/6/2006,9:00 pm,Group G,GER_6,ARG_18,ARG_17,ARG_19,43000
2006,97410100,97410048,23/6/2006,4:00 pm,Group H,GER_18,PAR_13,PAR_11,PAR_12,72000
2006,97410200,97410049,24/6/2006,5:00 pm,Round of 16,GER_10,BRA_15,BRA_17,BRA_18,66000
2006,97410200,97410050,24/6/2006,9:00 pm,Round of 16,GER_2,SUI_24,SUI_23,SUI_25,43000
2006,97410200,97410051,25/6/2006,5:00 pm,Round of 16,GER_7,BEL_14,BEL_15,BEL_16,52000
2006,97410200,97410052,25/6/2006,9:00 pm,Round of 16,GER_5,RUS_6,RUS_4,RUS_5,41000
2006,97410200,97410054,26/6/2006,9:00 pm,Round of 16,GER_8,MEX_17,MEX_14,CAN_3,45000
2006,97410200,97410053,26/6/2006,5:00 pm,Round of 16,GER_9,ESP_17,ESP_16,ESP_18,46000
2006,97410200,97410055,27/6/2006,5:00 pm,Round of 16,GER_4,SVK_1,SVK_4,SVK_3,65000
2006,97410200,97410056,27/6/2006,9:00 pm,Round of 16,GER_6,ITA_32,ITA_33,ITA_34,43000
2006,97410300,97410057,30/6/2006,5:00 pm,Quarter-finals,GER_18,SVK_1,SVK_4,SVK_3,72000
2006,97410300,97410058,30/6/2006,9:00 pm,Quarter-finals,GER_1,BEL_14,BEL_15,BEL_16,50000
2006,97410100,97410002,9/6/2006,9:00 pm,Group A,GER_13,JPN_4,JPN_5,KOR_4,52000
2006,97410100,97410001,9/6/2006,6:00 pm,Group A,GER_10,ARG_18,ARG_17,ARG_19,66000
2006,97410300,97410060,1/7/2006,9:00 pm,Quarter-finals,GER_16,ESP_17,ESP_16,ESP_18,48000
2006,97410300,97410059,1/7/2006,5:00 pm,Quarter-finals,GER_13,ARG_18,ARG_17,ARG_19,52000
2006,97410400,97410061,4/7/2006,9:00 pm,Semi-finals,GER_4,MEX_17,MEX_14,CAN_3,65000
2006,97410400,97410062,5/7/2006,9:00 pm,Semi-finals,GER_10,URU_14,URU_13,URU_15,66000
2006,97410500,97410063,8/7/2006,9:00 pm,Third place,GER_7,JPN_4,JPN_5,KOR_4,52000
2006,97410600,97410064,9/7/2006,8:00 pm,Final,GER_18,ARG_18,ARG_17,ARG_19,69000
2010,249722,300061453,11/6/2010,8:30 pm,Group A,RSA_1,JPN_6,JPN_7,KOR_5,64100
2010,249722,300061454,11/6/2010,4:00 pm,Group A,RSA_8,UZB_1,UZB_2,KGZ_1,84490
2010,249722,300061466,12/6/2010,8:30 pm,Group C,RSA_4,BRA_15,BRA_20,BRA_19,38646
2010,249722,300061460,12/6/2010,4:00 pm,Group B,RSA_3,GER_21,GER_19,GER_20,55686
2010,249722,300061459,12/6/2010,1:30 pm,Group B,RSA_2,NZL_1,NZL_1,TGA_1,31513
2010,249722,300111116,13/6/2010,8:30 pm,Group D,RSA_7,MEX_15,MEX_16,MEX_18,62660
2010,249722,300061471,13/6/2010,4:00 pm,Group D,RSA_9,ARG_21,ARG_20,ARG_24,38833
2010,249722,300061465,13/6/2010,1:30 pm,Group C,RSA_10,GUA_2,CRC_6,HON_3,30325
2010,249722,300061484,14/6/2010,8:30 pm,Group F,RSA_1,MEX_17,CAN_3,MEX_19,62869
2010,249722,300061477,14/6/2010,4:00 pm,Group E,RSA_6,POR_13,POR_9,POR_12,30620
2010,249722,300061478,14/6/2010,1:30 pm,Group E,RSA_8,FRA_34,FRA_32,FRA_33,83465
2010,249722,300061490,15/6/2010,8:30 pm,Group G,RSA_3,HUN_12,HUN_13,HUN_14,54331
2010,249722,300061489,15/6/2010,4:00 pm,Group G,RSA_2,URU_14,URU_15,URU_16,37034
2010,249722,300061483,15/6/2010,1:30 pm,Group F,RSA_4,RSA_4,RWA_1,RSA_5,23871
2010,249722,300061452,16/6/2010,8:30 pm,Group A,RSA_9,SUI_24,SUI_25,SUI_23,42658
2010,249722,300111112,16/6/2010,4:00 pm,Group H,RSA_7,ENG_22,ENG_23,ENG_24,62453
2010,249722,300061495,16/6/2010,1:30 pm,Group H,RSA_5,SEY_1,CMR_1,TUN_7,32664
2010,249722,300061451,17/6/2010,8:30 pm,Group A,RSA_10,KSA_4,IRN_3,UAE_3,35370
2010,249722,300061457,17/6/2010,4:00 pm,Group B,RSA_6,COL_10,COL_12,COL_15,31593
2010,249722,300061458,17/6/2010,1:30 pm,Group B,RSA_8,BEL_14,BEL_15,BEL_16,82174
2010,249722,300061464,18/6/2010,8:30 pm,Group C,RSA_1,UZB_1,UZB_2,KGZ_1,64100
2010,249722,300061463,18/6/2010,4:00 pm,Group C,RSA_3,MLI_3,MAR_4,ANG_1,45573
2010,249722,300061470,18/6/2010,1:30 pm,Group D,RSA_2,ESP_21,ESP_19,ESP_20,38294
2010,249722,300061475,19/6/2010,8:30 pm,Group E,RSA_9,URU_14,URU_15,URU_16,38074
2010,249722,300061469,19/6/2010,4:00 pm,Group D,RSA_4,ITA_32,ITA_36,ITA_35,34812
2010,249722,300111117,19/6/2010,1:30 pm,Group E,RSA_7,ARG_21,ARG_20,ARG_24,62010
2010,249722,300061488,20/6/2010,8:30 pm,Group G,RSA_8,FRA_34,FRA_32,FRA_33,84455
2010,249722,300061482,20/6/2010,4:00 pm,Group F,RSA_5,GUA_2,CRC_6,HON_3,38229
2010,249722,300061481,20/6/2010,1:30 pm,Group F,RSA_6,SEY_1,CMR_1,TUN_7,26643
2010,249722,300061494,21/6/2010,8:30 pm,Group H,RSA_3,JPN_6,JPN_7,KOR_5,54386
2010,249722,300061493,21/6/2010,4:00 pm,Group H,RSA_2,KSA_4,IRN_3,UAE_3,34872
2010,249722,300061487,21/6/2010,1:30 pm,Group G,RSA_1,CHI_16,CHI_18,CHI_17,63644
2010,249722,300111115,22/6/2010,8:30 pm,Group B,RSA_7,POR_13,POR_9,POR_12,61874
2010,249722,300061455,22/6/2010,8:30 pm,Group B,RSA_10,UZB_1,UZB_2,KGZ_1,38891
2010,249722,300061450,22/6/2010,4:00 pm,Group A,RSA_4,HUN_12,HUN_13,HUN_14,33425
2010,249722,300061449,22/6/2010,4:00 pm,Group A,RSA_6,COL_10,COL_12,COL_15,39415
2010,249722,300061468,23/6/2010,8:30 pm,Group D,RSA_8,BRA_15,BRA_20,BRA_19,83391
2010,249722,300061467,23/6/2010,8:30 pm,Group D,RSA_5,URU_14,URU_15,URU_16,37836
2010,249722,300061462,23/6/2010,4:00 pm,Group C,RSA_2,GER_21,GER_19,GER_20,36893
2010,249722,300061461,23/6/2010,4:00 pm,Group C,RSA_9,BEL_14,BEL_15,BEL_16,35827
2010,249722,300061474,24/6/2010,8:30 pm,Group E,RSA_4,RSA_4,RWA_1,RSA_5,27967
2010,249722,300061473,24/6/2010,8:30 pm,Group E,RSA_1,CHI_16,CHI_18,CHI_17,63093
2010,249722,300061480,24/6/2010,4:00 pm,Group F,RSA_3,ENG_22,ENG_23,ENG_24,53412
2010,249722,300061479,24/6/2010,4:00 pm,Group F,RSA_10,JPN_6,JPN_7,KOR_5,34850
2010,249722,300061491,25/6/2010,8:30 pm,Group H,RSA_9,MEX_15,MEX_16,MEX_18,41958
2010,249722,300061492,25/6/2010,8:30 pm,Group H,RSA_6,ARG_21,ARG_20,ARG_24,28042
2010,249722,300111111,25/6/2010,4:00 pm,Group G,RSA_7,MEX_17,CAN_3,MEX_19,62712
2010,249722,300061486,25/6/2010,4:00 pm,Group G,RSA_5,ESP_21,ESP_19,ESP_20,34763
2010,249717,300061503,26/6/2010,8:30 pm,Round of 16,RSA_4,HUN_12,HUN_13,HUN_14,34976
2010,249717,300061504,26/6/2010,4:00 pm,Round of 16,RSA_2,GER_21,GER_19,GER_20,30597
2010,249717,300061502,27/6/2010,8:30 pm,Round of 16,RSA_8,ITA_32,ITA_36,ITA_35,84377
2010,249717,300061501,27/6/2010,4:00 pm,Round of 16,RSA_6,URU_14,URU_15,URU_16,40510
2010,249717,300061500,28/6/2010,8:30 pm,Round of 16,RSA_3,ENG_22,ENG_23,ENG_24,54096
2010,249717,300111113,28/6/2010,4:00 pm,Round of 16,RSA_7,ESP_21,ESP_19,ESP_20,61962
2010,249717,300061498,29/6/2010,8:30 pm,Round of 16,RSA_1,ARG_21,ARG_20,ARG_24,62955
2010,249717,300061497,29/6/2010,4:00 pm,Round of 16,RSA_9,BEL_14,BEL_15,BEL_16,36742
2010,249720,300061510,10/7/2010,8:30 pm,Match for third place,RSA_2,MEX_17,CAN_3,MEX_19,36254
2010,249721,300061509,11/7/2010,8:30 pm,Final,RSA_8,ENG_22,ENG_23,ENG_24,84490
2010,249718,300061507,2/7/2010,4:00 pm,Quarter-finals,RSA_2,JPN_6,JPN_7,KOR_5,40186
2010,249718,300061508,2/7/2010,8:30 pm,Quarter-finals,RSA_8,POR_13,POR_9,POR_12,84017
2010,249718,300061505,3/7/2010,4:00 pm,Quarter-finals,RSA_1,UZB_1,UZB_2,KGZ_1,64100
2010,249718,300061506,3/7/2010,8:30 pm,Quarter-finals,RSA_3,GUA_2,CRC_6,HON_3,55359
2010,249719,300061512,6/7/2010,8:30 pm,Semi-finals,RSA_1,UZB_1,UZB_2,KGZ_1,62479
2010,249719,300111114,7/7/2010,8:30 pm,Semi-finals,RSA_7,HUN_12,HUN_13,HUN_14,60960
2014,255931,300186456,12/6/2014,5:00 pm,Group A,BRA_18,JPN_6,JPN_7,JPN_8,62103
2014,255931,300186473,13/6/2014,6:00 pm,Group B,BRA_17,CIV_1,CIV_2,BDI_1,40275
2014,255931,300186510,13/6/2014,4:00 pm,Group B,BRA_11,ITA_37,ITA_38,ITA_39,48173
2014,255931,300186492,13/6/2014,1:00 pm,Group A,BRA_10,COL_13,COL_15,COL_14,39216
2014,255931,300186513,14/6/2014,6:00 pm,Group D,BRA_13,NED_16,NED_15,NED_14,39800
2014,255931,300186507,14/6/2014,10:00 pm,Group C,BRA_9,CHI_19,CHI_20,CHI_21,40267
2014,255931,300186471,14/6/2014,1:00 pm,Group C,BRA_7,USA_10,USA_9,CAN_4,57174
2014,255931,300186489,14/6/2014,4:00 pm,Group D,BRA_8,GER_23,GER_22,GER_24,58679
2014,255931,300186477,15/6/2014,7:00 pm,Group F,BRA_16,SLV_3,SLV_4,SLV_2,74738
2014,255931,300186496,15/6/2014,4:00 pm,Group E,BRA_14,BRA_22,BRA_21,BRA_23,43012
2014,255931,300186494,15/6/2014,1:00 pm,Group E,BRA_12,UZB_1,UZB_3,KGZ_1,68351
2014,255931,300186512,16/6/2014,7:00 pm,Group G,BRA_10,SWE_15,SWE_16,SWE_17,39760
2014,255931,300186505,16/6/2014,4:00 pm,Group F,BRA_15,ECU_6,ECU_7,ECU_5,39081
2014,255931,300186475,16/6/2014,1:00 pm,Group G,BRA_11,SRB_3,SRB_2,SRB_4,51081
2014,255931,300186499,17/6/2014,6:00 pm,Group H,BRA_17,ARG_23,ARG_24,ARG_22,37603
2014,255931,300186509,17/6/2014,4:00 pm,Group A,BRA_8,TUR_5,TUR_4,TUR_3,60342
2014,255931,300186479,17/6/2014,1:00 pm,Group H,BRA_7,MEX_15,MEX_19,MEX_20,56800
2014,255931,300186453,18/6/2014,6:00 pm,Group A,BRA_13,POR_11,POR_12,POR_10,39982
2014,255931,300186498,18/6/2014,4:00 pm,Group B,BRA_16,USA_10,USA_9,CAN_4,74101
2014,255931,300186478,18/6/2014,1:00 pm,Group B,BRA_14,ALG_3,MAR_4,ALG_4,42877
2014,255931,300186454,19/6/2014,7:00 pm,Group C,BRA_10,SLV_3,SLV_4,SLV_2,39485
2014,255931,300186486,19/6/2014,4:00 pm,Group D,BRA_18,ESP_23,ESP_22,ESP_20,62575
2014,255931,300186468,19/6/2014,1:00 pm,Group C,BRA_12,ENG_22,ENG_24,ENG_23,68748
2014,255931,300186463,20/6/2014,7:00 pm,Group E,BRA_15,AUS_11,AUS_12,AUS_10,39224
2014,255931,300186514,20/6/2014,4:00 pm,Group E,BRA_11,NED_16,NED_15,NED_14,51003
2014,255931,300186500,20/6/2014,1:00 pm,Group D,BRA_9,CHI_19,CHI_20,CHI_21,40285
2014,255931,300186511,21/6/2014,6:00 pm,Group F,BRA_17,NZL_1,NZL_1,NZL_1,40499
2014,255931,300186493,21/6/2014,4:00 pm,Group G,BRA_8,BRA_22,BRA_21,BRA_23,59621
2014,255931,300186466,21/6/2014,1:00 pm,Group F,BRA_7,SRB_3,SRB_2,SRB_4,57698
2014,255931,300186483,22/6/2014,6:00 pm,Group G,BRA_13,ARG_23,ARG_24,ARG_22,40123
2014,255931,300186495,22/6/2014,4:00 pm,Group H,BRA_14,COL_13,COL_14,ECU_7,42732
2014,255931,300186481,22/6/2014,1:00 pm,Group H,BRA_16,GER_23,GER_22,GER_24,73819
2014,255931,300186472,23/6/2014,5:00 pm,Group A,BRA_12,SWE_15,SWE_16,SWE_17,69112
2014,255931,300186452,23/6/2014,5:00 pm,Group A,BRA_9,UZB_1,UZB_3,KGZ_1,41212
2014,255931,300186467,23/6/2014,1:00 pm,Group B,BRA_15,BHR_3,BHR_4,BHR_5,39375
2014,255931,300186470,23/6/2014,1:00 pm,Group B,BRA_18,GAM_1,CMR_1,RWA_2,62996
2014,255931,300186457,24/6/2014,4:00 pm,Group C,BRA_17,POR_11,POR_12,POR_10,40340
2014,255931,300186455,24/6/2014,5:00 pm,Group C,BRA_8,ECU_6,ECU_7,ECU_5,59095
2014,255931,300186465,24/6/2014,1:00 pm,Group D,BRA_10,MEX_15,MEX_19,MEX_20,39706
2014,255931,300186484,24/6/2014,1:00 pm,Group D,BRA_7,ALG_3,MAR_4,ALG_4,57823
2014,255931,300186482,25/6/2014,4:00 pm,Group E,BRA_13,ARG_23,ARG_24,ARG_22,40322
2014,255931,300186515,25/6/2014,5:00 pm,Group E,BRA_16,CIV_1,CIV_2,BDI_1,73749
2014,255931,300186458,25/6/2014,1:00 pm,Group F,BRA_14,ITA_37,ITA_38,ITA_39,43285
2014,255931,300186464,25/6/2014,1:00 pm,Group F,BRA_11,ESP_23,ESP_22,ESP_20,48011
2014,255931,300186480,26/6/2014,5:00 pm,Group H,BRA_18,AUS_11,AUS_12,AUS_10,61397
2014,255931,300186506,26/6/2014,5:00 pm,Group H,BRA_15,TUR_5,TUR_4,TUR_3,39311
2014,255931,300186469,26/6/2014,1:00 pm,Group G,BRA_9,UZB_1,UZB_3,KGZ_1,41876
2014,255931,300186476,26/6/2014,1:00 pm,Group G,BRA_12,BHR_3,BHR_4,BHR_5,67540
2014,255951,300186491,28/6/2014,5:00 pm,Round of 16,BRA_16,NED_16,NED_15,NED_14,73804
2014,255951,300186487,28/6/2014,1:00 pm,Round of 16,BRA_7,ENG_22,ENG_24,ENG_23,57714
2014,255951,300186508,29/6/2014,1:00 pm,Round of 16,BRA_8,POR_11,POR_12,POR_10,58817
2014,255951,300186459,29/6/2014,5:00 pm,Round of 16,BRA_9,AUS_11,AUS_12,AUS_10,41242
2014,255951,300186460,30/6/2014,5:00 pm,Round of 16,BRA_14,BRA_22,BRA_21,BRA_23,43063
2014,255951,300186462,30/6/2014,1:00 pm,Round of 16,BRA_12,USA_10,USA_9,CAN_4,67882
2014,255951,300186497,1/7/2014,5:00 pm,Round of 16,BRA_11,ALG_3,MAR_4,ALG_4,51227
2014,255951,300186503,1/7/2014,1:00 pm,Round of 16,BRA_18,SWE_15,SWE_16,SWE_17,63255
2014,255957,300186502,12/7/2014,5:00 pm,Play-off for third place,BRA_12,ALG_3,MAR_4,ALG_4,68034
2014,255959,300186501,13/7/2014,4:00 pm,Final,BRA_16,ITA_37,ITA_38,ITA_39,74738
2014,255953,300186485,4/7/2014,1:00 pm,Quarter-finals,BRA_16,ARG_23,ARG_24,ARG_22,74240
2014,255953,300186461,4/7/2014,5:00 pm,Quarter-finals,BRA_8,ESP_23,ESP_22,ESP_20,60342
2014,255953,300186488,5/7/2014,5:00 pm,Quarter-finals,BRA_11,UZB_1,UZB_3,KGZ_1,51179
2014,255953,300186504,5/7/2014,1:00 pm,Quarter-finals,BRA_12,ITA_37,ITA_38,ITA_39,68551
2014,255955,300186474,8/7/2014,5:00 pm,Semi-finals,BRA_7,MEX_15,MEX_19,MEX_20,58141
2014,255955,300186490,9/7/2014,5:00 pm,Semi-finals,BRA_18,TUR_5,TUR_4,TUR_3,63267
